{
	"credit": "Made by SrDarmith - YouTube: Mainclay",
	"textures": {
		"particle": "block/color/hardened clay stained white",
		"texture": "block/color/hardened clay stained white"
	},
	"elements": [
		{
			"from": [7, 12.25, 7.25],
			"to": [9, 21, 8.75],
			"faces": {
				"north": {"uv": [7, 0, 9, 3.75], "texture": "#texture", "cullface": "up"},
				"east": {"uv": [7.25, 0, 8.75, 3.75], "texture": "#texture", "cullface": "up"},
				"south": {"uv": [7, 0, 9, 3.75], "texture": "#texture", "cullface": "up"},
				"west": {"uv": [7.25, 0, 8.75, 3.75], "texture": "#texture", "cullface": "up"},
				"up": {"uv": [7, 7.25, 9, 8.75], "texture": "#texture", "cullface": "up"},
				"down": {"uv": [9, 8.75, 7, 7.25], "texture": "#texture", "cullface": "up"}
			}
		},
		{
			"from": [7.5, 15.25, 6.75],
			"to": [8.5, 20.75, 9.25],
			"faces": {
				"north": {"uv": [7.5, 0, 8.5, 0.75], "texture": "#texture", "cullface": "up"},
				"east": {"uv": [6.75, 0, 9.25, 0.75], "texture": "#texture", "cullface": "up"},
				"south": {"uv": [7.5, 0, 8.5, 0.75], "texture": "#texture", "cullface": "up"},
				"west": {"uv": [6.75, 0, 9.25, 0.75], "texture": "#texture", "cullface": "up"},
				"up": {"uv": [7.5, 6.75, 8.5, 9.25], "texture": "#texture", "cullface": "up"},
				"down": {"uv": [8.5, 9.25, 7.5, 6.75], "texture": "#texture", "cullface": "up"}
			}
		},
		{
			"from": [6.75, 13.25, 7.5],
			"to": [9.25, 20.75, 8.5],
			"faces": {
				"north": {"uv": [6.75, 0, 9.25, 1.25], "texture": "#texture", "cullface": "up"},
				"east": {"uv": [7.5, 0, 8.5, 1.25], "texture": "#texture", "cullface": "up"},
				"south": {"uv": [6.75, 0, 9.25, 1.25], "texture": "#texture", "cullface": "up"},
				"west": {"uv": [7.5, 0, 8.5, 1.25], "texture": "#texture", "cullface": "up"},
				"up": {"uv": [6.75, 7.5, 9.25, 8.5], "texture": "#texture", "cullface": "up"},
				"down": {"uv": [9.25, 8.5, 6.75, 7.5], "texture": "#texture", "cullface": "up"}
			}
		},
		{
			"from": [7.5, -0.5, 7.5],
			"to": [8.5, 21.25, 8.5],
			"faces": {
				"north": {"uv": [7.5, 0, 8.5, 16], "texture": "#texture"},
				"east": {"uv": [7.5, 0, 8.5, 16], "texture": "#texture"},
				"south": {"uv": [7.5, 0, 8.5, 16], "texture": "#texture"},
				"west": {"uv": [7.5, 0, 8.5, 16], "texture": "#texture"},
				"up": {"uv": [7.5, 7.5, 8.5, 8.5], "texture": "#texture"}
			}
		},
		{
			"from": [7.25, 12.5, 7],
			"to": [8.75, 21, 9],
			"faces": {
				"north": {"uv": [7.25, 0, 8.75, 3.5], "texture": "#texture", "cullface": "up"},
				"east": {"uv": [7, 0, 9, 3.5], "texture": "#texture", "cullface": "up"},
				"south": {"uv": [7.25, 0, 8.75, 3.5], "texture": "#texture", "cullface": "up"},
				"west": {"uv": [7, 0, 9, 3.5], "texture": "#texture", "cullface": "up"},
				"up": {"uv": [7.25, 7, 8.75, 9], "texture": "#texture", "cullface": "up"},
				"down": {"uv": [8.75, 9, 7.25, 7], "texture": "#texture", "cullface": "up"}
			}
		},
		{
			"from": [7.5, 15, 7.5],
			"to": [8.5, 16, 8.5],
			"faces": {
				"north": {"uv": [7.5, 0, 8.5, 1], "texture": "#texture"},
				"east": {"uv": [7.5, 0, 8.5, 1], "texture": "#texture"},
				"south": {"uv": [7.5, 0, 8.5, 1], "texture": "#texture"},
				"west": {"uv": [7.5, 0, 8.5, 1], "texture": "#texture"},
				"up": {"uv": [7.5, 7.5, 8.5, 8.5], "texture": "#texture", "cullface": "up"},
				"down": {"uv": [8.5, 8.5, 7.5, 7.5], "texture": "#texture"}
			}
		},
		{
			"from": [7.5, -1.25, 7.25],
			"to": [8.5, -0.5, 8.75],
			"faces": {
				"north": {"uv": [7.5, 16, 8.5, 16], "texture": "#texture", "cullface": "down"},
				"east": {"uv": [7.25, 16, 8.75, 16], "texture": "#texture", "cullface": "down"},
				"south": {"uv": [7.5, 16, 8.5, 16], "texture": "#texture", "cullface": "down"},
				"west": {"uv": [7.25, 16, 8.75, 16], "texture": "#texture", "cullface": "down"},
				"up": {"uv": [7.5, 7.25, 8.5, 8.75], "texture": "#texture", "cullface": "down"},
				"down": {"uv": [8.5, 8.75, 7.5, 7.25], "texture": "#texture", "cullface": "down"}
			}
		},
		{
			"from": [7.25, -1.25, 7.5],
			"to": [8.75, -0.5, 8.5],
			"faces": {
				"north": {"uv": [7.25, 16, 8.75, 16], "texture": "#texture", "cullface": "down"},
				"east": {"uv": [7.5, 16, 8.5, 16], "texture": "#texture", "cullface": "down"},
				"south": {"uv": [7.25, 16, 8.75, 16], "texture": "#texture", "cullface": "down"},
				"west": {"uv": [7.5, 16, 8.5, 16], "texture": "#texture", "cullface": "down"},
				"up": {"uv": [7.25, 7.5, 8.75, 8.5], "texture": "#texture", "cullface": "down"},
				"down": {"uv": [8.75, 8.5, 7.25, 7.5], "texture": "#texture", "cullface": "down"}
			}
		},
		{
			"from": [7.5, 6, 7.25],
			"to": [8.5, 12.75, 8.75],
			"faces": {
				"north": {"uv": [7.5, 3.25, 8.5, 12], "texture": "#texture"},
				"east": {"uv": [7.25, 3.25, 8.75, 12], "texture": "#texture"},
				"south": {"uv": [7.5, 3.25, 8.5, 12], "texture": "#texture"},
				"west": {"uv": [7.25, 3.25, 8.75, 12], "texture": "#texture"},
				"up": {"uv": [7.5, 7.25, 8.5, 8.75], "texture": "#texture"},
				"down": {"uv": [8.5, 8.75, 7.5, 7.25], "texture": "#texture"}
			}
		},
		{
			"from": [7.25, 6.75, 7.5],
			"to": [8.75, 12.75, 8.5],
			"faces": {
				"north": {"uv": [7.25, 3.25, 8.75, 11.25], "texture": "#texture"},
				"east": {"uv": [7.5, 3.25, 8.5, 11.25], "texture": "#texture"},
				"south": {"uv": [7.25, 3.25, 8.75, 11.25], "texture": "#texture"},
				"west": {"uv": [7.5, 3.25, 8.5, 11.25], "texture": "#texture"},
				"up": {"uv": [7.25, 7.5, 8.75, 8.5], "texture": "#texture"},
				"down": {"uv": [8.75, 8.5, 7.25, 7.5], "texture": "#texture"}
			}
		},
		{
			"from": [7, 9.5, 7.75],
			"to": [9, 12.75, 8.25],
			"faces": {
				"north": {"uv": [7, 3.25, 9, 6.5], "texture": "#texture"},
				"east": {"uv": [7.75, 3.25, 8.25, 6.5], "texture": "#texture"},
				"south": {"uv": [7, 3.25, 9, 6.5], "texture": "#texture"},
				"west": {"uv": [7.75, 3.25, 8.25, 6.5], "texture": "#texture"},
				"up": {"uv": [7, 7.75, 9, 8.25], "texture": "#texture"},
				"down": {"uv": [9, 8.25, 7, 7.75], "texture": "#texture"}
			}
		},
		{
			"from": [7.5, 10.25, 7],
			"to": [8.5, 12.5, 9],
			"faces": {
				"north": {"uv": [7.5, 3.5, 8.5, 5], "texture": "#texture"},
				"east": {"uv": [7, 3.5, 9, 5], "texture": "#texture"},
				"south": {"uv": [7.5, 3.5, 8.5, 5], "texture": "#texture"},
				"west": {"uv": [7, 3.5, 9, 5], "texture": "#texture"},
				"down": {"uv": [8.5, 9, 7.5, 7], "texture": "#texture"}
			}
		},
		{
			"from": [7.25, 10.75, 7.25],
			"to": [8.75, 12.75, 8.75],
			"faces": {
				"north": {"uv": [7.25, 3.25, 8.75, 5.25], "texture": "#texture"},
				"east": {"uv": [7.25, 3.25, 8.75, 5.25], "texture": "#texture"},
				"south": {"uv": [7.25, 3.25, 8.75, 5.25], "texture": "#texture"},
				"west": {"uv": [7.25, 3.25, 8.75, 5.25], "texture": "#texture"},
				"up": {"uv": [7.25, 7.25, 8.75, 8.75], "texture": "#texture"},
				"down": {"uv": [8.75, 8.75, 7.25, 7.25], "texture": "#texture"}
			}
		},
		{
			"from": [7.25, 5.25, 7.75],
			"to": [8.75, 6.75, 8.25],
			"faces": {
				"north": {"uv": [7.25, 11.25, 8.75, 12.75], "texture": "#texture"},
				"east": {"uv": [7.75, 11.25, 8.25, 12.75], "texture": "#texture"},
				"south": {"uv": [7.25, 11.25, 8.75, 12.75], "texture": "#texture"},
				"west": {"uv": [7.75, 11.25, 8.25, 12.75], "texture": "#texture"},
				"down": {"uv": [8.75, 8.25, 7.25, 7.75], "texture": "#texture"}
			}
		},
		{
			"from": [7.75, 12.75, 6.75],
			"to": [8.25, 15.25, 9.25],
			"faces": {
				"north": {"uv": [7.75, 0.75, 8.25, 2.5], "texture": "#texture"},
				"east": {"uv": [6.75, 0.75, 9.25, 2.5], "texture": "#texture"},
				"south": {"uv": [7.75, 0.75, 8.25, 2.5], "texture": "#texture"},
				"west": {"uv": [6.75, 0.75, 9.25, 2.5], "texture": "#texture"},
				"down": {"uv": [8.25, 9.25, 7.75, 6.75], "texture": "#texture"}
			}
		},
		{
			"from": [7.5, 15, 7.5],
			"to": [8.5, 16, 8.5],
			"faces": {
				"north": {"uv": [7.5, 0, 8.5, 1], "texture": "#texture"},
				"east": {"uv": [7.5, 0, 8.5, 1], "texture": "#texture"},
				"south": {"uv": [7.5, 0, 8.5, 1], "texture": "#texture"},
				"west": {"uv": [7.5, 0, 8.5, 1], "texture": "#texture"},
				"up": {"uv": [7.5, 7.5, 8.5, 8.5], "texture": "#texture", "cullface": "up"},
				"down": {"uv": [8.5, 8.5, 7.5, 7.5], "texture": "#texture"}
			}
		}
	],
	"gui_light": "front",
	"display": {
		"thirdperson_righthand": {
			"translation": [0, 3.75, 1.25],
			"scale": [1.09, 0.95, 1.09]
		},
		"thirdperson_lefthand": {
			"translation": [0, 3.75, 1.25],
			"scale": [1.09, 0.95, 1.09]
		},
		"firstperson_righthand": {
			"rotation": [0, -90, -8],
			"translation": [0.5, 3.25, 0],
			"scale": [1.01, 0.93, 1.01]
		},
		"firstperson_lefthand": {
			"rotation": [0, 90, 8],
			"translation": [0.5, 3.25, 0],
			"scale": [1.01, 0.93, 1.01]
		},
		"ground": {
			"rotation": [0, 0, -45],
			"translation": [0, 2.5, 0],
			"scale": [1.05, 0.94, 1.05]
		},
		"gui": {
			"rotation": [0, 0, -45],
			"translation": [-1.25, -1.5, 0],
			"scale": [1.03, 0.92, 1.03]
		},
		"fixed": {
			"rotation": [0, 180, 45],
			"translation": [-1.5, -1.5, 0],
			"scale": [1.34, 1.2, 1.34]
		}
	}
}