{
	"credit": "Made by SrDarmith - YouTube: Mainclay",
	"textures": {
		"1": "block/color/door iron lower",
		"2": "block/color/hardened clay stained red",
		"particle": "block/color/door iron lower",
		"texture": "block/color/anvil 1"
	},
	"elements": [
		{
			"from": [-4.5, 7.175, 7.45],
			"to": [10.5, 8, 7.725],
			"rotation": {"angle": 0, "axis": "y", "origin": [-1.75, 0, 0]},
			"faces": {
				"north": {"uv": [8, 6.25, 16, 6.75], "texture": "#texture", "cullface": "west"},
				"east": {"uv": [8.25, 6.25, 8.5, 6.75], "texture": "#texture", "cullface": "west"},
				"south": {"uv": [0, 6.25, 8, 6.75], "texture": "#texture", "cullface": "west"},
				"west": {"uv": [7.5, 6.25, 7.75, 6.75], "texture": "#texture", "cullface": "west"},
				"up": {"uv": [0, 7.5, 8, 7.75], "texture": "#texture", "cullface": "west"},
				"down": {"uv": [16, 7.75, 8, 7.5], "texture": "#texture", "cullface": "west"}
			}
		},
		{
			"from": [-4.5, 7.175, 8.3],
			"to": [10.5, 8, 8.575],
			"rotation": {"angle": 0, "axis": "y", "origin": [-1.75, 0, 0]},
			"faces": {
				"north": {"uv": [8, 6.25, 16, 6.75], "texture": "#texture", "cullface": "west"},
				"east": {"uv": [7.5, 6.25, 7.75, 6.75], "texture": "#texture", "cullface": "west"},
				"south": {"uv": [0, 6.25, 8, 6.75], "texture": "#texture", "cullface": "west"},
				"west": {"uv": [8.25, 6.25, 8.5, 6.75], "texture": "#texture", "cullface": "west"},
				"up": {"uv": [0, 8.25, 8, 8.5], "texture": "#texture", "cullface": "west"},
				"down": {"uv": [16, 8.5, 8, 8.25], "texture": "#texture", "cullface": "west"}
			}
		},
		{
			"from": [-4.5, 7.925, 7.625],
			"to": [10.5, 8.25, 8.4],
			"rotation": {"angle": 0, "axis": "y", "origin": [-1.75, 0, 0]},
			"faces": {
				"north": {"uv": [8, 6, 16, 6.25], "texture": "#texture", "cullface": "west"},
				"east": {"uv": [0, 0, 0, 0], "texture": "#texture"},
				"south": {"uv": [0, 6, 8, 6.25], "texture": "#texture", "cullface": "west"},
				"west": {"uv": [7.75, 6, 8.25, 6.25], "texture": "#texture", "cullface": "west"},
				"up": {"uv": [0, 7.75, 8, 8.25], "texture": "#texture", "cullface": "west"},
				"down": {"uv": [16, 8.25, 8, 7.75], "texture": "#texture", "cullface": "west"}
			}
		},
		{
			"from": [-6.25, 8.25, 7.325],
			"to": [-4.25, 8.775, 8.7],
			"rotation": {"angle": 0, "axis": "y", "origin": [-1.75, 0, 0]},
			"faces": {
				"north": {"uv": [8, 6, 16, 6.25], "texture": "#texture", "cullface": "west"},
				"east": {"uv": [0, 0, 0, 0], "texture": "#texture"},
				"south": {"uv": [0, 6, 8, 6.25], "texture": "#texture", "cullface": "west"},
				"west": {"uv": [7.75, 6, 8.25, 6.25], "texture": "#texture", "cullface": "west"},
				"up": {"uv": [0, 7.75, 8, 8.25], "texture": "#texture", "cullface": "west"},
				"down": {"uv": [16, 8.25, 8, 7.75], "texture": "#texture", "cullface": "west"}
			}
		},
		{
			"from": [-6.25, 6.4, 7.325],
			"to": [-4.25, 6.925, 8.7],
			"rotation": {"angle": 0, "axis": "y", "origin": [-1.75, 0, 0]},
			"faces": {
				"north": {"uv": [8, 6, 16, 6.25], "texture": "#texture", "cullface": "west"},
				"east": {"uv": [0, 0, 0, 0], "texture": "#texture"},
				"south": {"uv": [0, 6, 8, 6.25], "texture": "#texture", "cullface": "west"},
				"west": {"uv": [7.75, 6, 8.25, 6.25], "texture": "#texture", "cullface": "west"},
				"up": {"uv": [0, 7.75, 8, 8.25], "texture": "#texture", "cullface": "west"},
				"down": {"uv": [16, 8.25, 8, 7.75], "texture": "#texture", "cullface": "west"}
			}
		},
		{
			"from": [-4.55, 6.75, 7.325],
			"to": [-4.25, 7.25, 8.7],
			"rotation": {"angle": 0, "axis": "y", "origin": [-1.75, 0, 0]},
			"faces": {
				"north": {"uv": [8, 6, 16, 6.25], "texture": "#texture", "cullface": "west"},
				"east": {"uv": [0, 0, 0, 0], "texture": "#texture"},
				"south": {"uv": [0, 6, 8, 6.25], "texture": "#texture", "cullface": "west"},
				"west": {"uv": [7.75, 6, 8.25, 6.25], "texture": "#texture", "cullface": "west"},
				"up": {"uv": [0, 7.75, 8, 8.25], "texture": "#texture", "cullface": "west"},
				"down": {"uv": [16, 8.25, 8, 7.75], "texture": "#texture", "cullface": "west"}
			}
		},
		{
			"from": [-4.55, 7.925, 7.325],
			"to": [-4.25, 8.425, 8.7],
			"rotation": {"angle": 0, "axis": "y", "origin": [-1.75, 0, 0]},
			"faces": {
				"north": {"uv": [8, 6, 16, 6.25], "texture": "#texture", "cullface": "west"},
				"east": {"uv": [0, 0, 0, 0], "texture": "#texture"},
				"south": {"uv": [0, 6, 8, 6.25], "texture": "#texture", "cullface": "west"},
				"west": {"uv": [7.75, 6, 8.25, 6.25], "texture": "#texture", "cullface": "west"},
				"up": {"uv": [0, 7.75, 8, 8.25], "texture": "#texture", "cullface": "west"},
				"down": {"uv": [16, 8.25, 8, 7.75], "texture": "#texture", "cullface": "west"}
			}
		},
		{
			"from": [-4.5, 6.925, 7.625],
			"to": [10.5, 7.25, 8.4],
			"rotation": {"angle": 0, "axis": "y", "origin": [-1.75, 0, 0]},
			"faces": {
				"north": {"uv": [8, 6.75, 16, 7], "texture": "#texture", "cullface": "west"},
				"east": {"uv": [0, 0, 0, 0], "texture": "#texture"},
				"south": {"uv": [0, 6.75, 8, 7], "texture": "#texture", "cullface": "west"},
				"west": {"uv": [7.75, 6.75, 8.25, 7], "texture": "#texture", "cullface": "west"},
				"up": {"uv": [0, 7.75, 8, 8.25], "texture": "#texture", "cullface": "west"},
				"down": {"uv": [16, 8.25, 8, 7.75], "texture": "#texture", "cullface": "west"}
			}
		},
		{
			"from": [10.7, 9.25, 7.6],
			"to": [11.2, 9.95, 8.4],
			"rotation": {"angle": 0, "axis": "y", "origin": [-1.75, 0, 0]},
			"faces": {
				"north": {"uv": [15.5, 11.4, 16, 11.65], "texture": "#texture"},
				"east": {"uv": [15.3, 11.5, 15.8, 11.75], "texture": "#texture"},
				"south": {"uv": [15.5, 11, 16, 11.25], "texture": "#texture"},
				"west": {"uv": [15.3, 11.5, 15.8, 11.75], "texture": "#texture"},
				"up": {"uv": [15.5, 11.25, 16, 11.75], "texture": "#texture"}
			}
		},
		{
			"from": [0.7, 9.85, 8.275],
			"to": [1.2, 10.45, 8.525],
			"rotation": {"angle": 0, "axis": "y", "origin": [-1.75, 0, 0]},
			"faces": {
				"north": {"uv": [15.5, 11.4, 16, 11.65], "texture": "#texture"},
				"east": {"uv": [15.3, 11.5, 15.8, 11.75], "texture": "#texture"},
				"south": {"uv": [15.5, 11, 16, 11.25], "texture": "#texture"},
				"west": {"uv": [15.3, 11.5, 15.8, 11.75], "texture": "#texture"},
				"up": {"uv": [15.5, 11.25, 16, 11.75], "texture": "#texture"}
			}
		},
		{
			"from": [10.7, 9.85, 7.475],
			"to": [11.2, 10.45, 7.725],
			"rotation": {"angle": 0, "axis": "y", "origin": [-1.75, 0, 0]},
			"faces": {
				"north": {"uv": [15.5, 11.4, 16, 11.65], "texture": "#texture"},
				"east": {"uv": [15.3, 11.5, 15.8, 11.75], "texture": "#texture"},
				"south": {"uv": [15.5, 11, 16, 11.25], "texture": "#texture"},
				"west": {"uv": [15.3, 11.5, 15.8, 11.75], "texture": "#texture"},
				"up": {"uv": [15.5, 11.25, 16, 11.75], "texture": "#texture"}
			}
		},
		{
			"from": [10.7, 9.85, 8.275],
			"to": [11.2, 10.45, 8.525],
			"rotation": {"angle": 0, "axis": "y", "origin": [-1.75, 0, 0]},
			"faces": {
				"north": {"uv": [15.5, 11.4, 16, 11.65], "texture": "#texture"},
				"east": {"uv": [15.3, 11.5, 15.8, 11.75], "texture": "#texture"},
				"south": {"uv": [15.5, 11, 16, 11.25], "texture": "#texture"},
				"west": {"uv": [15.3, 11.5, 15.8, 11.75], "texture": "#texture"},
				"up": {"uv": [15.5, 11.25, 16, 11.75], "texture": "#texture"}
			}
		},
		{
			"from": [0.7, 9.85, 7.475],
			"to": [1.2, 10.45, 7.725],
			"rotation": {"angle": 0, "axis": "y", "origin": [-1.75, 0, 0]},
			"faces": {
				"north": {"uv": [15.5, 11.4, 16, 11.65], "texture": "#texture"},
				"east": {"uv": [15.3, 11.5, 15.8, 11.75], "texture": "#texture"},
				"south": {"uv": [15.5, 11, 16, 11.25], "texture": "#texture"},
				"west": {"uv": [15.3, 11.5, 15.8, 11.75], "texture": "#texture"},
				"up": {"uv": [15.5, 11.25, 16, 11.75], "texture": "#texture"}
			}
		},
		{
			"from": [0.7, 9.95, 7.95],
			"to": [1.2, 10.175, 8.05],
			"rotation": {"angle": 0, "axis": "y", "origin": [-1.75, 0, 0]},
			"faces": {
				"north": {"uv": [15.5, 11.4, 16, 11.65], "texture": "#texture"},
				"east": {"uv": [15.3, 11.5, 15.8, 11.75], "texture": "#texture"},
				"south": {"uv": [15.5, 11, 16, 11.25], "texture": "#texture"},
				"west": {"uv": [15.3, 11.5, 15.8, 11.75], "texture": "#texture"},
				"up": {"uv": [15.5, 11.25, 16, 11.75], "texture": "#texture"}
			}
		},
		{
			"from": [0.45, 9.25, 7.5],
			"to": [1.45, 9.6, 8.5],
			"rotation": {"angle": 0, "axis": "y", "origin": [-1.75, 0, 0]},
			"faces": {
				"north": {"uv": [15.5, 11.4, 16, 11.65], "texture": "#texture"},
				"east": {"uv": [15.3, 11.5, 15.8, 11.75], "texture": "#texture"},
				"south": {"uv": [15.5, 11, 16, 11.25], "texture": "#texture"},
				"west": {"uv": [15.3, 11.5, 15.8, 11.75], "texture": "#texture"},
				"up": {"uv": [15.5, 11.25, 16, 11.75], "texture": "#texture"}
			}
		},
		{
			"from": [10.45, 9.25, 7.5],
			"to": [11.45, 9.6, 8.5],
			"rotation": {"angle": 0, "axis": "y", "origin": [-1.75, 0, 0]},
			"faces": {
				"north": {"uv": [15.5, 11.4, 16, 11.65], "texture": "#texture"},
				"east": {"uv": [15.3, 11.5, 15.8, 11.75], "texture": "#texture"},
				"south": {"uv": [15.5, 11, 16, 11.25], "texture": "#texture"},
				"west": {"uv": [15.3, 11.5, 15.8, 11.75], "texture": "#texture"},
				"up": {"uv": [15.5, 11.25, 16, 11.75], "texture": "#texture"}
			}
		},
		{
			"from": [0.7, 9.5, 7.625],
			"to": [1.2, 9.95, 8.375],
			"rotation": {"angle": 0, "axis": "y", "origin": [-1.75, 0, 0]},
			"faces": {
				"north": {"uv": [15.5, 11.4, 16, 11.65], "texture": "#texture"},
				"east": {"uv": [15.3, 11.5, 15.8, 11.75], "texture": "#texture"},
				"south": {"uv": [15.5, 11, 16, 11.25], "texture": "#texture"},
				"west": {"uv": [15.3, 11.5, 15.8, 11.75], "texture": "#texture"},
				"up": {"uv": [15.5, 11.25, 16, 11.75], "texture": "#texture"}
			}
		},
		{
			"from": [10.25, 7, 7.25],
			"to": [18.475, 8.125, 8.75],
			"rotation": {"angle": 0, "axis": "y", "origin": [-1.75, 0, 0]},
			"faces": {
				"north": {"uv": [1, 6, 1.5, 6.25], "texture": "#1"},
				"east": {"uv": [7.75, 6, 8.25, 6.25], "texture": "#1"},
				"south": {"uv": [14.5, 6, 15, 6.25], "texture": "#1"},
				"west": {"uv": [7.75, 6, 8.25, 6.25], "texture": "#1"},
				"up": {"uv": [14.5, 7.75, 15, 8.25], "texture": "#1"},
				"down": {"uv": [5, 7, 6, 8], "texture": "#1"}
			}
		},
		{
			"from": [10.25, 5.7, 7.25],
			"to": [11.95, 7, 8.75],
			"rotation": {"angle": 0, "axis": "y", "origin": [-1.75, 0, 0]},
			"faces": {
				"north": {"uv": [1, 6, 1.5, 6.25], "texture": "#1"},
				"east": {"uv": [7.75, 6, 8.25, 6.25], "texture": "#1"},
				"south": {"uv": [14.5, 6, 15, 6.25], "texture": "#1"},
				"west": {"uv": [7.75, 6, 8.25, 6.25], "texture": "#1"},
				"up": {"uv": [14.5, 7.75, 15, 8.25], "texture": "#1"},
				"down": {"uv": [5, 7, 6, 8], "texture": "#1"}
			}
		},
		{
			"from": [0.25, 4.95, 7.5],
			"to": [11.95, 5.75, 8.5],
			"rotation": {"angle": 0, "axis": "y", "origin": [-1.75, 0, 0]},
			"faces": {
				"north": {"uv": [15.8, 11.9, 15.5, 11.3], "texture": "#texture"},
				"east": {"uv": [15.45, 11.7, 15.75, 11.25], "texture": "#texture"},
				"south": {"uv": [16, 11.3, 15.4, 11.7], "texture": "#texture"},
				"west": {"uv": [15.45, 11.7, 15.75, 11.25], "texture": "#texture"},
				"up": {"uv": [16, 11.85, 15.3, 11.35], "rotation": 180, "texture": "#texture"},
				"down": {"uv": [16, 11.3, 16, 11.3], "texture": "#texture"}
			}
		},
		{
			"from": [8.475, 5.7, 7.175],
			"to": [10.2, 6.25, 8.825],
			"rotation": {"angle": 0, "axis": "y", "origin": [-1.75, 0, 0]},
			"faces": {
				"north": {"uv": [15.8, 11.9, 15.5, 11.3], "texture": "#texture"},
				"east": {"uv": [15.45, 11.7, 15.75, 11.25], "texture": "#texture"},
				"south": {"uv": [16, 11.3, 15.4, 11.7], "texture": "#texture"},
				"west": {"uv": [15.45, 11.7, 15.75, 11.25], "texture": "#texture"},
				"up": {"uv": [16, 11.85, 15.3, 11.35], "rotation": 180, "texture": "#texture"},
				"down": {"uv": [16, 11.3, 16, 11.3], "texture": "#texture"}
			}
		},
		{
			"from": [-2, 5.7, 7.175],
			"to": [8.475, 6.425, 8.825],
			"rotation": {"angle": 0, "axis": "y", "origin": [-1.75, 0, 0]},
			"faces": {
				"north": {"uv": [0.5, 10.9, 0.2, 10.3], "texture": "#1"},
				"east": {"uv": [0.15, 10.7, 0.45, 10.25], "texture": "#1"},
				"south": {"uv": [0.7, 10.3, 0.1, 10.7], "texture": "#1"},
				"west": {"uv": [0.15, 10.7, 0.45, 10.25], "texture": "#1"},
				"up": {"uv": [0.7, 10.85, 0, 10.35], "rotation": 180, "texture": "#1"},
				"down": {"uv": [0.7, 10.3, 0.7, 10.3], "texture": "#1"}
			}
		},
		{
			"from": [5.75, 4.7, 7.25],
			"to": [10.275, 5.5, 8.75],
			"rotation": {"angle": 0, "axis": "y", "origin": [-1.75, 0, 0]},
			"faces": {
				"north": {"uv": [1, 6, 1.5, 6.25], "texture": "#1"},
				"east": {"uv": [7.75, 6, 8.25, 6.25], "texture": "#1"},
				"south": {"uv": [14.5, 6, 15, 6.25], "texture": "#1"},
				"west": {"uv": [7.75, 6, 8.25, 6.25], "texture": "#1"},
				"up": {"uv": [14.5, 7.75, 15, 8.25], "texture": "#1"},
				"down": {"uv": [5, 7, 6, 8], "texture": "#1"}
			}
		},
		{
			"from": [7, 4.675, 7.225],
			"to": [9.775, 5.125, 8.775],
			"rotation": {"angle": 0, "axis": "y", "origin": [-1.75, 0, 0]},
			"faces": {
				"north": {"uv": [15.8, 11.9, 15.5, 11.3], "texture": "#texture"},
				"east": {"uv": [15.45, 11.7, 15.75, 11.25], "texture": "#texture"},
				"south": {"uv": [16, 11.3, 15.4, 11.7], "texture": "#texture"},
				"west": {"uv": [15.45, 11.7, 15.75, 11.25], "texture": "#texture"},
				"up": {"uv": [16, 11.85, 15.3, 11.35], "rotation": 180, "texture": "#texture"},
				"down": {"uv": [16, 11.3, 16, 11.3], "texture": "#texture"}
			}
		},
		{
			"from": [-3.8, 6.5, 6.95],
			"to": [8.475, 6.8, 9.05],
			"rotation": {"angle": 0, "axis": "y", "origin": [-1.75, 0, 0]},
			"faces": {
				"north": {"uv": [1, 6, 1.5, 6.25], "texture": "#1"},
				"east": {"uv": [7.75, 6, 8.25, 6.25], "texture": "#1"},
				"south": {"uv": [14.5, 6, 15, 6.25], "texture": "#1"},
				"west": {"uv": [7.75, 6, 8.25, 6.25], "texture": "#1"},
				"up": {"uv": [14.5, 7.75, 15, 8.25], "texture": "#1"},
				"down": {"uv": [5, 7, 6, 8], "texture": "#1"}
			}
		},
		{
			"from": [-3.8, 6.25, 7.2],
			"to": [8.475, 6.55, 8.8],
			"rotation": {"angle": 0, "axis": "y", "origin": [-1.75, 0, 0]},
			"faces": {
				"north": {"uv": [1, 6, 1.5, 6.25], "texture": "#1"},
				"east": {"uv": [7.75, 6, 8.25, 6.25], "texture": "#1"},
				"south": {"uv": [14.5, 6, 15, 6.25], "texture": "#1"},
				"west": {"uv": [7.75, 6, 8.25, 6.25], "texture": "#1"},
				"up": {"uv": [14.5, 7.75, 15, 8.25], "texture": "#1"},
				"down": {"uv": [5, 7, 6, 8], "texture": "#1"}
			}
		},
		{
			"from": [-3.8, 6.75, 6.775],
			"to": [8.475, 7.3, 7.225],
			"rotation": {"angle": 0, "axis": "y", "origin": [-1.75, 0, 0]},
			"faces": {
				"north": {"uv": [1, 6, 1.5, 6.25], "texture": "#1"},
				"east": {"uv": [7.75, 6, 8.25, 6.25], "texture": "#1"},
				"south": {"uv": [14.5, 6, 15, 6.25], "texture": "#1"},
				"west": {"uv": [7.75, 6, 8.25, 6.25], "texture": "#1"},
				"up": {"uv": [14.5, 7.75, 15, 8.25], "texture": "#1"},
				"down": {"uv": [5, 7, 6, 8], "texture": "#1"}
			}
		},
		{
			"from": [3.225, 7.25, 8.7],
			"to": [3.45, 8.05, 9.05],
			"rotation": {"angle": 0, "axis": "y", "origin": [-1.75, 0, 0]},
			"faces": {
				"north": {"uv": [1, 6, 1.5, 6.25], "texture": "#1"},
				"east": {"uv": [7.75, 6, 8.25, 6.25], "texture": "#1"},
				"south": {"uv": [14.5, 6, 15, 6.25], "texture": "#1"},
				"west": {"uv": [7.75, 6, 8.25, 6.25], "texture": "#1"},
				"up": {"uv": [14.5, 7.75, 15, 8.25], "texture": "#1"},
				"down": {"uv": [5, 7, 6, 8], "texture": "#1"}
			}
		},
		{
			"from": [4.5, 8, 8.45],
			"to": [4.725, 8.8, 8.8],
			"rotation": {"angle": 0, "axis": "y", "origin": [-1.75, 0, 0]},
			"faces": {
				"north": {"uv": [1, 6, 1.5, 6.25], "texture": "#1"},
				"east": {"uv": [7.75, 6, 8.25, 6.25], "texture": "#1"},
				"south": {"uv": [14.5, 6, 15, 6.25], "texture": "#1"},
				"west": {"uv": [7.75, 6, 8.25, 6.25], "texture": "#1"},
				"up": {"uv": [14.5, 7.75, 15, 8.25], "texture": "#1"},
				"down": {"uv": [5, 7, 6, 8], "texture": "#1"}
			}
		},
		{
			"from": [4.5, 8, 7.2],
			"to": [4.725, 8.8, 7.55],
			"rotation": {"angle": 0, "axis": "y", "origin": [-1.75, 0, 0]},
			"faces": {
				"north": {"uv": [1, 6, 1.5, 6.25], "texture": "#1"},
				"east": {"uv": [7.75, 6, 8.25, 6.25], "texture": "#1"},
				"south": {"uv": [14.5, 6, 15, 6.25], "texture": "#1"},
				"west": {"uv": [7.75, 6, 8.25, 6.25], "texture": "#1"},
				"up": {"uv": [14.5, 7.75, 15, 8.25], "texture": "#1"},
				"down": {"uv": [5, 7, 6, 8], "texture": "#1"}
			}
		},
		{
			"from": [4.375, 7.25, 6.95],
			"to": [4.6, 8.05, 7.3],
			"rotation": {"angle": 0, "axis": "y", "origin": [-1.75, 0, 0]},
			"faces": {
				"north": {"uv": [1, 6, 1.5, 6.25], "texture": "#1"},
				"east": {"uv": [7.75, 6, 8.25, 6.25], "texture": "#1"},
				"south": {"uv": [14.5, 6, 15, 6.25], "texture": "#1"},
				"west": {"uv": [7.75, 6, 8.25, 6.25], "texture": "#1"},
				"up": {"uv": [14.5, 7.75, 15, 8.25], "texture": "#1"},
				"down": {"uv": [5, 7, 6, 8], "texture": "#1"}
			}
		},
		{
			"from": [4.375, 7.25, 8.7],
			"to": [4.6, 8.05, 9.05],
			"rotation": {"angle": 0, "axis": "y", "origin": [-1.75, 0, 0]},
			"faces": {
				"north": {"uv": [1, 6, 1.5, 6.25], "texture": "#1"},
				"east": {"uv": [7.75, 6, 8.25, 6.25], "texture": "#1"},
				"south": {"uv": [14.5, 6, 15, 6.25], "texture": "#1"},
				"west": {"uv": [7.75, 6, 8.25, 6.25], "texture": "#1"},
				"up": {"uv": [14.5, 7.75, 15, 8.25], "texture": "#1"},
				"down": {"uv": [5, 7, 6, 8], "texture": "#1"}
			}
		},
		{
			"from": [7, 8, 8.45],
			"to": [7.225, 8.8, 8.8],
			"rotation": {"angle": 0, "axis": "y", "origin": [-1.75, 0, 0]},
			"faces": {
				"north": {"uv": [1, 6, 1.5, 6.25], "texture": "#1"},
				"east": {"uv": [7.75, 6, 8.25, 6.25], "texture": "#1"},
				"south": {"uv": [14.5, 6, 15, 6.25], "texture": "#1"},
				"west": {"uv": [7.75, 6, 8.25, 6.25], "texture": "#1"},
				"up": {"uv": [14.5, 7.75, 15, 8.25], "texture": "#1"},
				"down": {"uv": [5, 7, 6, 8], "texture": "#1"}
			}
		},
		{
			"from": [7, 8, 7.2],
			"to": [7.225, 8.8, 7.55],
			"rotation": {"angle": 0, "axis": "y", "origin": [-1.75, 0, 0]},
			"faces": {
				"north": {"uv": [1, 6, 1.5, 6.25], "texture": "#1"},
				"east": {"uv": [7.75, 6, 8.25, 6.25], "texture": "#1"},
				"south": {"uv": [14.5, 6, 15, 6.25], "texture": "#1"},
				"west": {"uv": [7.75, 6, 8.25, 6.25], "texture": "#1"},
				"up": {"uv": [14.5, 7.75, 15, 8.25], "texture": "#1"},
				"down": {"uv": [5, 7, 6, 8], "texture": "#1"}
			}
		},
		{
			"from": [6.875, 7.25, 6.95],
			"to": [7.1, 8.05, 7.3],
			"rotation": {"angle": 0, "axis": "y", "origin": [-1.75, 0, 0]},
			"faces": {
				"north": {"uv": [1, 6, 1.5, 6.25], "texture": "#1"},
				"east": {"uv": [7.75, 6, 8.25, 6.25], "texture": "#1"},
				"south": {"uv": [14.5, 6, 15, 6.25], "texture": "#1"},
				"west": {"uv": [7.75, 6, 8.25, 6.25], "texture": "#1"},
				"up": {"uv": [14.5, 7.75, 15, 8.25], "texture": "#1"},
				"down": {"uv": [5, 7, 6, 8], "texture": "#1"}
			}
		},
		{
			"from": [6.875, 7.25, 8.7],
			"to": [7.1, 8.05, 9.05],
			"rotation": {"angle": 0, "axis": "y", "origin": [-1.75, 0, 0]},
			"faces": {
				"north": {"uv": [1, 6, 1.5, 6.25], "texture": "#1"},
				"east": {"uv": [7.75, 6, 8.25, 6.25], "texture": "#1"},
				"south": {"uv": [14.5, 6, 15, 6.25], "texture": "#1"},
				"west": {"uv": [7.75, 6, 8.25, 6.25], "texture": "#1"},
				"up": {"uv": [14.5, 7.75, 15, 8.25], "texture": "#1"},
				"down": {"uv": [5, 7, 6, 8], "texture": "#1"}
			}
		},
		{
			"from": [5.6, 8, 8.45],
			"to": [5.825, 8.8, 8.8],
			"rotation": {"angle": 0, "axis": "y", "origin": [-1.75, 0, 0]},
			"faces": {
				"north": {"uv": [1, 6, 1.5, 6.25], "texture": "#1"},
				"east": {"uv": [7.75, 6, 8.25, 6.25], "texture": "#1"},
				"south": {"uv": [14.5, 6, 15, 6.25], "texture": "#1"},
				"west": {"uv": [7.75, 6, 8.25, 6.25], "texture": "#1"},
				"up": {"uv": [14.5, 7.75, 15, 8.25], "texture": "#1"},
				"down": {"uv": [5, 7, 6, 8], "texture": "#1"}
			}
		},
		{
			"from": [5.6, 8, 7.2],
			"to": [5.825, 8.8, 7.55],
			"rotation": {"angle": 0, "axis": "y", "origin": [-1.75, 0, 0]},
			"faces": {
				"north": {"uv": [1, 6, 1.5, 6.25], "texture": "#1"},
				"east": {"uv": [7.75, 6, 8.25, 6.25], "texture": "#1"},
				"south": {"uv": [14.5, 6, 15, 6.25], "texture": "#1"},
				"west": {"uv": [7.75, 6, 8.25, 6.25], "texture": "#1"},
				"up": {"uv": [14.5, 7.75, 15, 8.25], "texture": "#1"},
				"down": {"uv": [5, 7, 6, 8], "texture": "#1"}
			}
		},
		{
			"from": [5.725, 7.25, 6.95],
			"to": [5.95, 8.05, 7.3],
			"rotation": {"angle": 0, "axis": "y", "origin": [-1.75, 0, 0]},
			"faces": {
				"north": {"uv": [1, 6, 1.5, 6.25], "texture": "#1"},
				"east": {"uv": [7.75, 6, 8.25, 6.25], "texture": "#1"},
				"south": {"uv": [14.5, 6, 15, 6.25], "texture": "#1"},
				"west": {"uv": [7.75, 6, 8.25, 6.25], "texture": "#1"},
				"up": {"uv": [14.5, 7.75, 15, 8.25], "texture": "#1"},
				"down": {"uv": [5, 7, 6, 8], "texture": "#1"}
			}
		},
		{
			"from": [5.725, 7.25, 8.7],
			"to": [5.95, 8.05, 9.05],
			"rotation": {"angle": 0, "axis": "y", "origin": [-1.75, 0, 0]},
			"faces": {
				"north": {"uv": [1, 6, 1.5, 6.25], "texture": "#1"},
				"east": {"uv": [7.75, 6, 8.25, 6.25], "texture": "#1"},
				"south": {"uv": [14.5, 6, 15, 6.25], "texture": "#1"},
				"west": {"uv": [7.75, 6, 8.25, 6.25], "texture": "#1"},
				"up": {"uv": [14.5, 7.75, 15, 8.25], "texture": "#1"},
				"down": {"uv": [5, 7, 6, 8], "texture": "#1"}
			}
		},
		{
			"from": [8.125, 8, 8.45],
			"to": [8.6, 8.8, 8.8],
			"rotation": {"angle": 0, "axis": "y", "origin": [-1.75, 0, 0]},
			"faces": {
				"north": {"uv": [1, 6, 1.5, 6.25], "texture": "#1"},
				"east": {"uv": [7.75, 6, 8.25, 6.25], "texture": "#1"},
				"south": {"uv": [14.5, 6, 15, 6.25], "texture": "#1"},
				"west": {"uv": [7.75, 6, 8.25, 6.25], "texture": "#1"},
				"up": {"uv": [14.5, 7.75, 15, 8.25], "texture": "#1"},
				"down": {"uv": [5, 7, 6, 8], "texture": "#1"}
			}
		},
		{
			"from": [8.1, 8, 7.2],
			"to": [8.625, 8.8, 7.55],
			"rotation": {"angle": 0, "axis": "y", "origin": [-1.75, 0, 0]},
			"faces": {
				"north": {"uv": [1, 6, 1.5, 6.25], "texture": "#1"},
				"east": {"uv": [7.75, 6, 8.25, 6.25], "texture": "#1"},
				"south": {"uv": [14.5, 6, 15, 6.25], "texture": "#1"},
				"west": {"uv": [7.75, 6, 8.25, 6.25], "texture": "#1"},
				"up": {"uv": [14.5, 7.75, 15, 8.25], "texture": "#1"},
				"down": {"uv": [5, 7, 6, 8], "texture": "#1"}
			}
		},
		{
			"from": [8.25, 7.25, 6.95],
			"to": [8.5, 8.05, 7.3],
			"rotation": {"angle": 0, "axis": "y", "origin": [-1.75, 0, 0]},
			"faces": {
				"north": {"uv": [1, 6, 1.5, 6.25], "texture": "#1"},
				"east": {"uv": [7.75, 6, 8.25, 6.25], "texture": "#1"},
				"south": {"uv": [14.5, 6, 15, 6.25], "texture": "#1"},
				"west": {"uv": [7.75, 6, 8.25, 6.25], "texture": "#1"},
				"up": {"uv": [14.5, 7.75, 15, 8.25], "texture": "#1"},
				"down": {"uv": [5, 7, 6, 8], "texture": "#1"}
			}
		},
		{
			"from": [8.275, 7.25, 8.7],
			"to": [8.475, 8.05, 9.05],
			"rotation": {"angle": 0, "axis": "y", "origin": [-1.75, 0, 0]},
			"faces": {
				"north": {"uv": [1, 6, 1.5, 6.25], "texture": "#1"},
				"east": {"uv": [7.75, 6, 8.25, 6.25], "texture": "#1"},
				"south": {"uv": [14.5, 6, 15, 6.25], "texture": "#1"},
				"west": {"uv": [7.75, 6, 8.25, 6.25], "texture": "#1"},
				"up": {"uv": [14.5, 7.75, 15, 8.25], "texture": "#1"},
				"down": {"uv": [5, 7, 6, 8], "texture": "#1"}
			}
		},
		{
			"from": [2, 8, 8.45],
			"to": [2.225, 8.8, 8.8],
			"rotation": {"angle": 0, "axis": "y", "origin": [-1.75, 0, 0]},
			"faces": {
				"north": {"uv": [1, 6, 1.5, 6.25], "texture": "#1"},
				"east": {"uv": [7.75, 6, 8.25, 6.25], "texture": "#1"},
				"south": {"uv": [14.5, 6, 15, 6.25], "texture": "#1"},
				"west": {"uv": [7.75, 6, 8.25, 6.25], "texture": "#1"},
				"up": {"uv": [14.5, 7.75, 15, 8.25], "texture": "#1"},
				"down": {"uv": [5, 7, 6, 8], "texture": "#1"}
			}
		},
		{
			"from": [2, 8, 7.2],
			"to": [2.225, 8.8, 7.55],
			"rotation": {"angle": 0, "axis": "y", "origin": [-1.75, 0, 0]},
			"faces": {
				"north": {"uv": [1, 6, 1.5, 6.25], "texture": "#1"},
				"east": {"uv": [7.75, 6, 8.25, 6.25], "texture": "#1"},
				"south": {"uv": [14.5, 6, 15, 6.25], "texture": "#1"},
				"west": {"uv": [7.75, 6, 8.25, 6.25], "texture": "#1"},
				"up": {"uv": [14.5, 7.75, 15, 8.25], "texture": "#1"},
				"down": {"uv": [5, 7, 6, 8], "texture": "#1"}
			}
		},
		{
			"from": [1.875, 7.25, 6.95],
			"to": [2.1, 8.05, 7.3],
			"rotation": {"angle": 0, "axis": "y", "origin": [-1.75, 0, 0]},
			"faces": {
				"north": {"uv": [1, 6, 1.5, 6.25], "texture": "#1"},
				"east": {"uv": [7.75, 6, 8.25, 6.25], "texture": "#1"},
				"south": {"uv": [14.5, 6, 15, 6.25], "texture": "#1"},
				"west": {"uv": [7.75, 6, 8.25, 6.25], "texture": "#1"},
				"up": {"uv": [14.5, 7.75, 15, 8.25], "texture": "#1"},
				"down": {"uv": [5, 7, 6, 8], "texture": "#1"}
			}
		},
		{
			"from": [1.875, 7.25, 8.7],
			"to": [2.1, 8.05, 9.05],
			"rotation": {"angle": 0, "axis": "y", "origin": [-1.75, 0, 0]},
			"faces": {
				"north": {"uv": [1, 6, 1.5, 6.25], "texture": "#1"},
				"east": {"uv": [7.75, 6, 8.25, 6.25], "texture": "#1"},
				"south": {"uv": [14.5, 6, 15, 6.25], "texture": "#1"},
				"west": {"uv": [7.75, 6, 8.25, 6.25], "texture": "#1"},
				"up": {"uv": [14.5, 7.75, 15, 8.25], "texture": "#1"},
				"down": {"uv": [5, 7, 6, 8], "texture": "#1"}
			}
		},
		{
			"from": [-3.8, 8, 8.45],
			"to": [0.725, 8.8, 8.8],
			"rotation": {"angle": 0, "axis": "y", "origin": [-1.75, 0, 0]},
			"faces": {
				"north": {"uv": [1, 6, 1.5, 6.25], "texture": "#1"},
				"east": {"uv": [7.75, 6, 8.25, 6.25], "texture": "#1"},
				"south": {"uv": [14.5, 6, 15, 6.25], "texture": "#1"},
				"west": {"uv": [7.75, 6, 8.25, 6.25], "texture": "#1"},
				"up": {"uv": [14.5, 7.75, 15, 8.25], "texture": "#1"},
				"down": {"uv": [5, 7, 6, 8], "texture": "#1"}
			}
		},
		{
			"from": [0.725, 8.675, 7.2],
			"to": [8.225, 8.8, 8.8],
			"rotation": {"angle": 0, "axis": "y", "origin": [-1.75, 0, 0]},
			"faces": {
				"north": {"uv": [1, 6, 1.5, 6.25], "texture": "#1"},
				"east": {"uv": [7.75, 6, 8.25, 6.25], "texture": "#1"},
				"south": {"uv": [14.5, 6, 15, 6.25], "texture": "#1"},
				"west": {"uv": [7.75, 6, 8.25, 6.25], "texture": "#1"},
				"up": {"uv": [14.5, 7.75, 15, 8.25], "texture": "#1"},
				"down": {"uv": [5, 7, 6, 8], "texture": "#1"}
			}
		},
		{
			"from": [-3.8, 8, 7.2],
			"to": [0.725, 8.8, 7.55],
			"rotation": {"angle": 0, "axis": "y", "origin": [-1.75, 0, 0]},
			"faces": {
				"north": {"uv": [1, 6, 1.5, 6.25], "texture": "#1"},
				"east": {"uv": [7.75, 6, 8.25, 6.25], "texture": "#1"},
				"south": {"uv": [14.5, 6, 15, 6.25], "texture": "#1"},
				"west": {"uv": [7.75, 6, 8.25, 6.25], "texture": "#1"},
				"up": {"uv": [14.5, 7.75, 15, 8.25], "texture": "#1"},
				"down": {"uv": [5, 7, 6, 8], "texture": "#1"}
			}
		},
		{
			"from": [-3.9, 7.25, 6.95],
			"to": [-0.55, 8.05, 9.05],
			"rotation": {"angle": 0, "axis": "y", "origin": [-1.75, 0, 0]},
			"faces": {
				"north": {"uv": [1, 6, 1.5, 6.25], "texture": "#texture"},
				"east": {"uv": [7.75, 6, 8.25, 6.25], "texture": "#texture"},
				"south": {"uv": [14.5, 6, 15, 6.25], "texture": "#texture"},
				"west": {"uv": [7.75, 6, 8.25, 6.25], "texture": "#texture"},
				"up": {"uv": [14.5, 7.75, 15, 8.25], "texture": "#texture"},
				"down": {"uv": [5, 7, 6, 8], "texture": "#texture"}
			}
		},
		{
			"from": [-0.55, 7.25, 6.95],
			"to": [0.85, 8.05, 7.3],
			"rotation": {"angle": 0, "axis": "y", "origin": [-1.75, 0, 0]},
			"faces": {
				"north": {"uv": [1, 6, 1.5, 6.25], "texture": "#1"},
				"east": {"uv": [7.75, 6, 8.25, 6.25], "texture": "#1"},
				"south": {"uv": [14.5, 6, 15, 6.25], "texture": "#1"},
				"west": {"uv": [7.75, 6, 8.25, 6.25], "texture": "#1"},
				"up": {"uv": [14.5, 7.75, 15, 8.25], "texture": "#1"},
				"down": {"uv": [5, 7, 6, 8], "texture": "#1"}
			}
		},
		{
			"from": [-0.55, 7.25, 8.7],
			"to": [0.85, 8.05, 9.05],
			"rotation": {"angle": 0, "axis": "y", "origin": [-1.75, 0, 0]},
			"faces": {
				"north": {"uv": [1, 6, 1.5, 6.25], "texture": "#1"},
				"east": {"uv": [7.75, 6, 8.25, 6.25], "texture": "#1"},
				"south": {"uv": [14.5, 6, 15, 6.25], "texture": "#1"},
				"west": {"uv": [7.75, 6, 8.25, 6.25], "texture": "#1"},
				"up": {"uv": [14.5, 7.75, 15, 8.25], "texture": "#1"},
				"down": {"uv": [5, 7, 6, 8], "texture": "#1"}
			}
		},
		{
			"from": [0.2, 8.75, 7.45],
			"to": [8.475, 9.2, 8.55],
			"rotation": {"angle": 0, "axis": "y", "origin": [-1.75, 0, 0]},
			"faces": {
				"north": {"uv": [0, 10.3, 0.5, 10.55], "texture": "#1"},
				"east": {"uv": [0, 10.3, 0.5, 10.55], "texture": "#1"},
				"south": {"uv": [0, 10.4, 0.5, 10.65], "texture": "#1"},
				"west": {"uv": [0, 10.3, 0.5, 10.55], "texture": "#1"},
				"up": {"uv": [0, 10.35, 0.5, 10.85], "texture": "#1"},
				"down": {"uv": [0, 10, 1, 11], "texture": "#1"}
			}
		},
		{
			"from": [-3.8, 8.8, 7.45],
			"to": [0.225, 8.95, 8.55],
			"rotation": {"angle": 0, "axis": "y", "origin": [-1.75, 0, 0]},
			"faces": {
				"north": {"uv": [0, 10.3, 0.5, 10.55], "texture": "#1"},
				"east": {"uv": [0, 10.3, 0.5, 10.55], "texture": "#1"},
				"south": {"uv": [0, 10.4, 0.5, 10.65], "texture": "#1"},
				"west": {"uv": [0, 10.3, 0.5, 10.55], "texture": "#1"},
				"up": {"uv": [0, 10.35, 0.5, 10.85], "texture": "#1"},
				"down": {"uv": [0, 10, 1, 11], "texture": "#1"}
			}
		},
		{
			"from": [3.1, 8, 8.45],
			"to": [3.325, 8.8, 8.8],
			"rotation": {"angle": 0, "axis": "y", "origin": [-1.75, 0, 0]},
			"faces": {
				"north": {"uv": [1, 6, 1.5, 6.25], "texture": "#1"},
				"east": {"uv": [7.75, 6, 8.25, 6.25], "texture": "#1"},
				"south": {"uv": [14.5, 6, 15, 6.25], "texture": "#1"},
				"west": {"uv": [7.75, 6, 8.25, 6.25], "texture": "#1"},
				"up": {"uv": [14.5, 7.75, 15, 8.25], "texture": "#1"},
				"down": {"uv": [5, 7, 6, 8], "texture": "#1"}
			}
		},
		{
			"from": [3.1, 8, 7.2],
			"to": [3.325, 8.8, 7.55],
			"rotation": {"angle": 0, "axis": "y", "origin": [-1.75, 0, 0]},
			"faces": {
				"north": {"uv": [1, 6, 1.5, 6.25], "texture": "#1"},
				"east": {"uv": [7.75, 6, 8.25, 6.25], "texture": "#1"},
				"south": {"uv": [14.5, 6, 15, 6.25], "texture": "#1"},
				"west": {"uv": [7.75, 6, 8.25, 6.25], "texture": "#1"},
				"up": {"uv": [14.5, 7.75, 15, 8.25], "texture": "#1"},
				"down": {"uv": [5, 7, 6, 8], "texture": "#1"}
			}
		},
		{
			"from": [3.225, 7.25, 6.95],
			"to": [3.45, 8.05, 7.3],
			"rotation": {"angle": 0, "axis": "y", "origin": [-1.75, 0, 0]},
			"faces": {
				"north": {"uv": [1, 6, 1.5, 6.25], "texture": "#1"},
				"east": {"uv": [7.75, 6, 8.25, 6.25], "texture": "#1"},
				"south": {"uv": [14.5, 6, 15, 6.25], "texture": "#1"},
				"west": {"uv": [7.75, 6, 8.25, 6.25], "texture": "#1"},
				"up": {"uv": [14.5, 7.75, 15, 8.25], "texture": "#1"},
				"down": {"uv": [5, 7, 6, 8], "texture": "#1"}
			}
		},
		{
			"from": [-3.8, 6.75, 8.775],
			"to": [8.475, 7.3, 9.225],
			"rotation": {"angle": 0, "axis": "y", "origin": [-1.75, 0, 0]},
			"faces": {
				"north": {"uv": [1, 6, 1.5, 6.25], "texture": "#1"},
				"east": {"uv": [7.75, 6, 8.25, 6.25], "texture": "#1"},
				"south": {"uv": [14.5, 6, 15, 6.25], "texture": "#1"},
				"west": {"uv": [7.75, 6, 8.25, 6.25], "texture": "#1"},
				"up": {"uv": [14.5, 7.75, 15, 8.25], "texture": "#1"},
				"down": {"uv": [5, 7, 6, 8], "texture": "#1"}
			}
		},
		{
			"from": [-3.825, 6.8, 7.225],
			"to": [-3.775, 8.8, 8.775],
			"rotation": {"angle": 0, "axis": "y", "origin": [-1.75, 0, 0]},
			"faces": {
				"north": {"uv": [1, 6, 1.5, 6.25], "texture": "#1"},
				"east": {"uv": [7.75, 6, 8.25, 6.25], "texture": "#1"},
				"south": {"uv": [14.5, 6, 15, 6.25], "texture": "#1"},
				"west": {"uv": [7.75, 6, 8.25, 6.25], "texture": "#1"},
				"up": {"uv": [14.5, 7.75, 15, 8.25], "texture": "#1"},
				"down": {"uv": [5, 7, 6, 8], "texture": "#1"}
			}
		},
		{
			"from": [8.475, 6.25, 7.175],
			"to": [10.275, 9.125, 8.825],
			"rotation": {"angle": 0, "axis": "y", "origin": [-1.75, 0, 0]},
			"faces": {
				"north": {"uv": [15.8, 11.9, 15.5, 11.3], "texture": "#texture"},
				"east": {"uv": [15.45, 11.7, 15.75, 11.25], "texture": "#texture"},
				"south": {"uv": [16, 11.3, 15.4, 11.7], "texture": "#texture"},
				"west": {"uv": [15.45, 11.7, 15.75, 11.25], "texture": "#texture"},
				"up": {"uv": [16, 11.85, 15.3, 11.35], "rotation": 180, "texture": "#texture"},
				"down": {"uv": [16, 11.3, 16, 11.3], "texture": "#texture"}
			}
		},
		{
			"from": [11.775, 8.625, 7.575],
			"to": [16.775, 9.375, 8.425],
			"rotation": {"angle": 0, "axis": "y", "origin": [-1.75, 0, 0]},
			"faces": {
				"north": {"uv": [15.8, 11.9, 15.5, 11.3], "texture": "#texture"},
				"east": {"uv": [15.45, 11.7, 15.75, 11.25], "texture": "#texture"},
				"south": {"uv": [16, 11.3, 15.4, 11.7], "texture": "#texture"},
				"west": {"uv": [15.45, 11.7, 15.75, 11.25], "texture": "#texture"},
				"up": {"uv": [16, 11.85, 15.3, 11.35], "rotation": 180, "texture": "#texture"},
				"down": {"uv": [16, 11.3, 16, 11.3], "texture": "#texture"}
			}
		},
		{
			"from": [12, 9.375, 7.725],
			"to": [16.525, 9.625, 8.275],
			"rotation": {"angle": 0, "axis": "y", "origin": [-1.75, 0, 0]},
			"faces": {
				"north": {"uv": [15.8, 11.9, 15.5, 11.3], "texture": "#texture"},
				"east": {"uv": [15.45, 11.7, 15.75, 11.25], "texture": "#texture"},
				"south": {"uv": [16, 11.3, 15.4, 11.7], "texture": "#texture"},
				"west": {"uv": [15.45, 11.7, 15.75, 11.25], "texture": "#texture"},
				"up": {"uv": [16, 11.85, 15.3, 11.35], "rotation": 180, "texture": "#texture"},
				"down": {"uv": [16, 11.3, 16, 11.3], "texture": "#texture"}
			}
		},
		{
			"from": [4.725, 19.475, 7.575],
			"to": [5.15, 19.725, 8.425],
			"rotation": {"angle": -45, "axis": "z", "origin": [-1.75, 0, 0]},
			"faces": {
				"north": {"uv": [15.8, 11.9, 15.5, 11.3], "texture": "#texture"},
				"east": {"uv": [15.45, 11.7, 15.75, 11.25], "texture": "#texture"},
				"south": {"uv": [16, 11.3, 15.4, 11.7], "texture": "#texture"},
				"west": {"uv": [15.45, 11.7, 15.75, 11.25], "texture": "#texture"},
				"up": {"uv": [16, 11.85, 15.3, 11.35], "rotation": 180, "texture": "#texture"},
				"down": {"uv": [16, 11.3, 16, 11.3], "texture": "#texture"}
			}
		},
		{
			"from": [4.375, 19.475, 7.725],
			"to": [4.725, 19.725, 8.275],
			"rotation": {"angle": -45, "axis": "z", "origin": [-1.75, 0, 0]},
			"faces": {
				"north": {"uv": [15.8, 11.9, 15.5, 11.3], "texture": "#texture"},
				"east": {"uv": [15.45, 11.7, 15.75, 11.25], "texture": "#texture"},
				"south": {"uv": [16, 11.3, 15.4, 11.7], "texture": "#texture"},
				"west": {"uv": [15.45, 11.7, 15.75, 11.25], "texture": "#texture"},
				"up": {"uv": [16, 11.85, 15.3, 11.35], "rotation": 180, "texture": "#texture"},
				"down": {"uv": [16, 11.3, 16, 11.3], "texture": "#texture"}
			}
		},
		{
			"from": [5.275, 19.425, 7.425],
			"to": [6.25, 19.925, 8.575],
			"rotation": {"angle": -45, "axis": "z", "origin": [-1.75, 0, 0]},
			"faces": {
				"north": {"uv": [15.8, 11.9, 15.5, 11.3], "texture": "#texture"},
				"east": {"uv": [15.45, 11.7, 15.75, 11.25], "texture": "#texture"},
				"south": {"uv": [16, 11.3, 15.4, 11.7], "texture": "#texture"},
				"west": {"uv": [15.45, 11.7, 15.75, 11.25], "texture": "#texture"},
				"up": {"uv": [16, 11.85, 15.3, 11.35], "rotation": 180, "texture": "#texture"},
				"down": {"uv": [16, 11.3, 16, 11.3], "texture": "#texture"}
			}
		},
		{
			"from": [0.25, 9.125, 7.575],
			"to": [11.625, 9.375, 8.425],
			"rotation": {"angle": 0, "axis": "y", "origin": [-1.75, 0, 0]},
			"faces": {
				"north": {"uv": [0.5, 10.4, 1, 10.65], "texture": "#1"},
				"east": {"uv": [0.3, 10.5, 0.8, 10.75], "texture": "#1"},
				"south": {"uv": [0.5, 10, 1, 10.25], "texture": "#1"},
				"west": {"uv": [0.3, 10.5, 0.8, 10.75], "texture": "#1"},
				"up": {"uv": [0.5, 10.25, 1, 10.75], "texture": "#1"},
				"down": {"uv": [0, 10, 1, 11], "texture": "#1"}
			}
		},
		{
			"from": [0.25, 9.375, 7.575],
			"to": [0.425, 9.525, 8.425],
			"rotation": {"angle": 0, "axis": "y", "origin": [-1.75, 0, 0]},
			"faces": {
				"north": {"uv": [0.5, 10.4, 1, 10.65], "texture": "#1"},
				"east": {"uv": [0.3, 10.5, 0.8, 10.75], "texture": "#1"},
				"south": {"uv": [0.5, 10, 1, 10.25], "texture": "#1"},
				"west": {"uv": [0.3, 10.5, 0.8, 10.75], "texture": "#1"},
				"up": {"uv": [0.5, 10.25, 1, 10.75], "texture": "#1"},
				"down": {"uv": [0, 10, 1, 11], "texture": "#1"}
			}
		},
		{
			"from": [10.05, 9.375, 7.575],
			"to": [10.225, 9.525, 8.425],
			"rotation": {"angle": 0, "axis": "y", "origin": [-1.75, 0, 0]},
			"faces": {
				"north": {"uv": [0.5, 10.4, 1, 10.65], "texture": "#1"},
				"east": {"uv": [0.3, 10.5, 0.8, 10.75], "texture": "#1"},
				"south": {"uv": [0.5, 10, 1, 10.25], "texture": "#1"},
				"west": {"uv": [0.3, 10.5, 0.8, 10.75], "texture": "#1"},
				"up": {"uv": [0.5, 10.25, 1, 10.75], "texture": "#1"},
				"down": {"uv": [0, 10, 1, 11], "texture": "#1"}
			}
		},
		{
			"from": [10.4, 9.375, 7.575],
			"to": [10.575, 9.525, 8.425],
			"rotation": {"angle": 0, "axis": "y", "origin": [-1.75, 0, 0]},
			"faces": {
				"north": {"uv": [15.5, 11.4, 16, 11.65], "texture": "#texture"},
				"east": {"uv": [15.3, 11.5, 15.8, 11.75], "texture": "#texture"},
				"south": {"uv": [15.5, 11, 16, 11.25], "texture": "#texture"},
				"west": {"uv": [15.3, 11.5, 15.8, 11.75], "texture": "#texture"},
				"up": {"uv": [15.5, 11.25, 16, 11.75], "texture": "#texture"},
				"down": {"uv": [15, 11, 16, 12], "texture": "#texture"}
			}
		},
		{
			"from": [10.75, 9.375, 7.575],
			"to": [10.925, 9.525, 8.425],
			"rotation": {"angle": 0, "axis": "y", "origin": [-1.75, 0, 0]},
			"faces": {
				"north": {"uv": [15.5, 11.4, 16, 11.65], "texture": "#texture"},
				"east": {"uv": [15.3, 11.5, 15.8, 11.75], "texture": "#texture"},
				"south": {"uv": [15.5, 11, 16, 11.25], "texture": "#texture"},
				"west": {"uv": [15.3, 11.5, 15.8, 11.75], "texture": "#texture"},
				"up": {"uv": [15.5, 11.25, 16, 11.75], "texture": "#texture"},
				"down": {"uv": [15, 11, 16, 12], "texture": "#texture"}
			}
		},
		{
			"from": [11.1, 9.375, 7.575],
			"to": [11.275, 9.525, 8.425],
			"rotation": {"angle": 0, "axis": "y", "origin": [-1.75, 0, 0]},
			"faces": {
				"north": {"uv": [15.5, 11.4, 16, 11.65], "texture": "#texture"},
				"east": {"uv": [15.3, 11.5, 15.8, 11.75], "texture": "#texture"},
				"south": {"uv": [15.5, 11, 16, 11.25], "texture": "#texture"},
				"west": {"uv": [15.3, 11.5, 15.8, 11.75], "texture": "#texture"},
				"up": {"uv": [15.5, 11.25, 16, 11.75], "texture": "#texture"},
				"down": {"uv": [15, 11, 16, 12], "texture": "#texture"}
			}
		},
		{
			"from": [11.45, 9.375, 7.575],
			"to": [11.625, 9.525, 8.425],
			"rotation": {"angle": 0, "axis": "y", "origin": [-1.75, 0, 0]},
			"faces": {
				"north": {"uv": [0.5, 10.4, 1, 10.65], "texture": "#1"},
				"east": {"uv": [0.3, 10.5, 0.8, 10.75], "texture": "#1"},
				"south": {"uv": [0.5, 10, 1, 10.25], "texture": "#1"},
				"west": {"uv": [0.3, 10.5, 0.8, 10.75], "texture": "#1"},
				"up": {"uv": [0.5, 10.25, 1, 10.75], "texture": "#1"},
				"down": {"uv": [0, 10, 1, 11], "texture": "#1"}
			}
		},
		{
			"from": [9.35, 9.375, 7.575],
			"to": [9.525, 9.525, 8.425],
			"rotation": {"angle": 0, "axis": "y", "origin": [-1.75, 0, 0]},
			"faces": {
				"north": {"uv": [0.5, 10.4, 1, 10.65], "texture": "#1"},
				"east": {"uv": [0.3, 10.5, 0.8, 10.75], "texture": "#1"},
				"south": {"uv": [0.5, 10, 1, 10.25], "texture": "#1"},
				"west": {"uv": [0.3, 10.5, 0.8, 10.75], "texture": "#1"},
				"up": {"uv": [0.5, 10.25, 1, 10.75], "texture": "#1"},
				"down": {"uv": [0, 10, 1, 11], "texture": "#1"}
			}
		},
		{
			"from": [9.7, 9.375, 7.575],
			"to": [9.875, 9.525, 8.425],
			"rotation": {"angle": 0, "axis": "y", "origin": [-1.75, 0, 0]},
			"faces": {
				"north": {"uv": [0.5, 10.4, 1, 10.65], "texture": "#1"},
				"east": {"uv": [0.3, 10.5, 0.8, 10.75], "texture": "#1"},
				"south": {"uv": [0.5, 10, 1, 10.25], "texture": "#1"},
				"west": {"uv": [0.3, 10.5, 0.8, 10.75], "texture": "#1"},
				"up": {"uv": [0.5, 10.25, 1, 10.75], "texture": "#1"},
				"down": {"uv": [0, 10, 1, 11], "texture": "#1"}
			}
		},
		{
			"from": [9, 9.375, 7.575],
			"to": [9.175, 9.525, 8.425],
			"rotation": {"angle": 0, "axis": "y", "origin": [-1.75, 0, 0]},
			"faces": {
				"north": {"uv": [0.5, 10.4, 1, 10.65], "texture": "#1"},
				"east": {"uv": [0.3, 10.5, 0.8, 10.75], "texture": "#1"},
				"south": {"uv": [0.5, 10, 1, 10.25], "texture": "#1"},
				"west": {"uv": [0.3, 10.5, 0.8, 10.75], "texture": "#1"},
				"up": {"uv": [0.5, 10.25, 1, 10.75], "texture": "#1"},
				"down": {"uv": [0, 10, 1, 11], "texture": "#1"}
			}
		},
		{
			"from": [8.65, 9.375, 7.575],
			"to": [8.825, 9.525, 8.425],
			"rotation": {"angle": 0, "axis": "y", "origin": [-1.75, 0, 0]},
			"faces": {
				"north": {"uv": [0.5, 10.4, 1, 10.65], "texture": "#1"},
				"east": {"uv": [0.3, 10.5, 0.8, 10.75], "texture": "#1"},
				"south": {"uv": [0.5, 10, 1, 10.25], "texture": "#1"},
				"west": {"uv": [0.3, 10.5, 0.8, 10.75], "texture": "#1"},
				"up": {"uv": [0.5, 10.25, 1, 10.75], "texture": "#1"},
				"down": {"uv": [0, 10, 1, 11], "texture": "#1"}
			}
		},
		{
			"from": [7.25, 9.375, 7.575],
			"to": [7.425, 9.525, 8.425],
			"rotation": {"angle": 0, "axis": "y", "origin": [-1.75, 0, 0]},
			"faces": {
				"north": {"uv": [0.5, 10.4, 1, 10.65], "texture": "#1"},
				"east": {"uv": [0.3, 10.5, 0.8, 10.75], "texture": "#1"},
				"south": {"uv": [0.5, 10, 1, 10.25], "texture": "#1"},
				"west": {"uv": [0.3, 10.5, 0.8, 10.75], "texture": "#1"},
				"up": {"uv": [0.5, 10.25, 1, 10.75], "texture": "#1"},
				"down": {"uv": [0, 10, 1, 11], "texture": "#1"}
			}
		},
		{
			"from": [7.6, 9.375, 7.575],
			"to": [7.775, 9.525, 8.425],
			"rotation": {"angle": 0, "axis": "y", "origin": [-1.75, 0, 0]},
			"faces": {
				"north": {"uv": [0.5, 10.4, 1, 10.65], "texture": "#1"},
				"east": {"uv": [0.3, 10.5, 0.8, 10.75], "texture": "#1"},
				"south": {"uv": [0.5, 10, 1, 10.25], "texture": "#1"},
				"west": {"uv": [0.3, 10.5, 0.8, 10.75], "texture": "#1"},
				"up": {"uv": [0.5, 10.25, 1, 10.75], "texture": "#1"},
				"down": {"uv": [0, 10, 1, 11], "texture": "#1"}
			}
		},
		{
			"from": [7.95, 9.375, 7.575],
			"to": [8.125, 9.525, 8.425],
			"rotation": {"angle": 0, "axis": "y", "origin": [-1.75, 0, 0]},
			"faces": {
				"north": {"uv": [0.5, 10.4, 1, 10.65], "texture": "#1"},
				"east": {"uv": [0.3, 10.5, 0.8, 10.75], "texture": "#1"},
				"south": {"uv": [0.5, 10, 1, 10.25], "texture": "#1"},
				"west": {"uv": [0.3, 10.5, 0.8, 10.75], "texture": "#1"},
				"up": {"uv": [0.5, 10.25, 1, 10.75], "texture": "#1"},
				"down": {"uv": [0, 10, 1, 11], "texture": "#1"}
			}
		},
		{
			"from": [8.3, 9.375, 7.575],
			"to": [8.475, 9.525, 8.425],
			"rotation": {"angle": 0, "axis": "y", "origin": [-1.75, 0, 0]},
			"faces": {
				"north": {"uv": [0.5, 10.4, 1, 10.65], "texture": "#1"},
				"east": {"uv": [0.3, 10.5, 0.8, 10.75], "texture": "#1"},
				"south": {"uv": [0.5, 10, 1, 10.25], "texture": "#1"},
				"west": {"uv": [0.3, 10.5, 0.8, 10.75], "texture": "#1"},
				"up": {"uv": [0.5, 10.25, 1, 10.75], "texture": "#1"},
				"down": {"uv": [0, 10, 1, 11], "texture": "#1"}
			}
		},
		{
			"from": [6.55, 9.375, 7.575],
			"to": [6.725, 9.525, 8.425],
			"rotation": {"angle": 0, "axis": "y", "origin": [-1.75, 0, 0]},
			"faces": {
				"north": {"uv": [0.5, 10.4, 1, 10.65], "texture": "#1"},
				"east": {"uv": [0.3, 10.5, 0.8, 10.75], "texture": "#1"},
				"south": {"uv": [0.5, 10, 1, 10.25], "texture": "#1"},
				"west": {"uv": [0.3, 10.5, 0.8, 10.75], "texture": "#1"},
				"up": {"uv": [0.5, 10.25, 1, 10.75], "texture": "#1"},
				"down": {"uv": [0, 10, 1, 11], "texture": "#1"}
			}
		},
		{
			"from": [6.9, 9.375, 7.575],
			"to": [7.075, 9.525, 8.425],
			"rotation": {"angle": 0, "axis": "y", "origin": [-1.75, 0, 0]},
			"faces": {
				"north": {"uv": [0.5, 10.4, 1, 10.65], "texture": "#1"},
				"east": {"uv": [0.3, 10.5, 0.8, 10.75], "texture": "#1"},
				"south": {"uv": [0.5, 10, 1, 10.25], "texture": "#1"},
				"west": {"uv": [0.3, 10.5, 0.8, 10.75], "texture": "#1"},
				"up": {"uv": [0.5, 10.25, 1, 10.75], "texture": "#1"},
				"down": {"uv": [0, 10, 1, 11], "texture": "#1"}
			}
		},
		{
			"from": [6.2, 9.375, 7.575],
			"to": [6.375, 9.525, 8.425],
			"rotation": {"angle": 0, "axis": "y", "origin": [-1.75, 0, 0]},
			"faces": {
				"north": {"uv": [0.5, 10.4, 1, 10.65], "texture": "#1"},
				"east": {"uv": [0.3, 10.5, 0.8, 10.75], "texture": "#1"},
				"south": {"uv": [0.5, 10, 1, 10.25], "texture": "#1"},
				"west": {"uv": [0.3, 10.5, 0.8, 10.75], "texture": "#1"},
				"up": {"uv": [0.5, 10.25, 1, 10.75], "texture": "#1"},
				"down": {"uv": [0, 10, 1, 11], "texture": "#1"}
			}
		},
		{
			"from": [5.85, 9.375, 7.575],
			"to": [6.025, 9.525, 8.425],
			"rotation": {"angle": 0, "axis": "y", "origin": [-1.75, 0, 0]},
			"faces": {
				"north": {"uv": [0.5, 10.4, 1, 10.65], "texture": "#1"},
				"east": {"uv": [0.3, 10.5, 0.8, 10.75], "texture": "#1"},
				"south": {"uv": [0.5, 10, 1, 10.25], "texture": "#1"},
				"west": {"uv": [0.3, 10.5, 0.8, 10.75], "texture": "#1"},
				"up": {"uv": [0.5, 10.25, 1, 10.75], "texture": "#1"},
				"down": {"uv": [0, 10, 1, 11], "texture": "#1"}
			}
		},
		{
			"from": [4.45, 9.375, 7.575],
			"to": [4.625, 9.525, 8.425],
			"rotation": {"angle": 0, "axis": "y", "origin": [-1.75, 0, 0]},
			"faces": {
				"north": {"uv": [0.5, 10.4, 1, 10.65], "texture": "#1"},
				"east": {"uv": [0.3, 10.5, 0.8, 10.75], "texture": "#1"},
				"south": {"uv": [0.5, 10, 1, 10.25], "texture": "#1"},
				"west": {"uv": [0.3, 10.5, 0.8, 10.75], "texture": "#1"},
				"up": {"uv": [0.5, 10.25, 1, 10.75], "texture": "#1"},
				"down": {"uv": [0, 10, 1, 11], "texture": "#1"}
			}
		},
		{
			"from": [4.8, 9.375, 7.575],
			"to": [4.975, 9.525, 8.425],
			"rotation": {"angle": 0, "axis": "y", "origin": [-1.75, 0, 0]},
			"faces": {
				"north": {"uv": [0.5, 10.4, 1, 10.65], "texture": "#1"},
				"east": {"uv": [0.3, 10.5, 0.8, 10.75], "texture": "#1"},
				"south": {"uv": [0.5, 10, 1, 10.25], "texture": "#1"},
				"west": {"uv": [0.3, 10.5, 0.8, 10.75], "texture": "#1"},
				"up": {"uv": [0.5, 10.25, 1, 10.75], "texture": "#1"},
				"down": {"uv": [0, 10, 1, 11], "texture": "#1"}
			}
		},
		{
			"from": [5.15, 9.375, 7.575],
			"to": [5.325, 9.525, 8.425],
			"rotation": {"angle": 0, "axis": "y", "origin": [-1.75, 0, 0]},
			"faces": {
				"north": {"uv": [0.5, 10.4, 1, 10.65], "texture": "#1"},
				"east": {"uv": [0.3, 10.5, 0.8, 10.75], "texture": "#1"},
				"south": {"uv": [0.5, 10, 1, 10.25], "texture": "#1"},
				"west": {"uv": [0.3, 10.5, 0.8, 10.75], "texture": "#1"},
				"up": {"uv": [0.5, 10.25, 1, 10.75], "texture": "#1"},
				"down": {"uv": [0, 10, 1, 11], "texture": "#1"}
			}
		},
		{
			"from": [5.5, 9.375, 7.575],
			"to": [5.675, 9.525, 8.425],
			"rotation": {"angle": 0, "axis": "y", "origin": [-1.75, 0, 0]},
			"faces": {
				"north": {"uv": [0.5, 10.4, 1, 10.65], "texture": "#1"},
				"east": {"uv": [0.3, 10.5, 0.8, 10.75], "texture": "#1"},
				"south": {"uv": [0.5, 10, 1, 10.25], "texture": "#1"},
				"west": {"uv": [0.3, 10.5, 0.8, 10.75], "texture": "#1"},
				"up": {"uv": [0.5, 10.25, 1, 10.75], "texture": "#1"},
				"down": {"uv": [0, 10, 1, 11], "texture": "#1"}
			}
		},
		{
			"from": [3.75, 9.375, 7.575],
			"to": [3.925, 9.525, 8.425],
			"rotation": {"angle": 0, "axis": "y", "origin": [-1.75, 0, 0]},
			"faces": {
				"north": {"uv": [0.5, 10.4, 1, 10.65], "texture": "#1"},
				"east": {"uv": [0.3, 10.5, 0.8, 10.75], "texture": "#1"},
				"south": {"uv": [0.5, 10, 1, 10.25], "texture": "#1"},
				"west": {"uv": [0.3, 10.5, 0.8, 10.75], "texture": "#1"},
				"up": {"uv": [0.5, 10.25, 1, 10.75], "texture": "#1"},
				"down": {"uv": [0, 10, 1, 11], "texture": "#1"}
			}
		},
		{
			"from": [4.1, 9.375, 7.575],
			"to": [4.275, 9.525, 8.425],
			"rotation": {"angle": 0, "axis": "y", "origin": [-1.75, 0, 0]},
			"faces": {
				"north": {"uv": [0.5, 10.4, 1, 10.65], "texture": "#1"},
				"east": {"uv": [0.3, 10.5, 0.8, 10.75], "texture": "#1"},
				"south": {"uv": [0.5, 10, 1, 10.25], "texture": "#1"},
				"west": {"uv": [0.3, 10.5, 0.8, 10.75], "texture": "#1"},
				"up": {"uv": [0.5, 10.25, 1, 10.75], "texture": "#1"},
				"down": {"uv": [0, 10, 1, 11], "texture": "#1"}
			}
		},
		{
			"from": [3.4, 9.375, 7.575],
			"to": [3.575, 9.525, 8.425],
			"rotation": {"angle": 0, "axis": "y", "origin": [-1.75, 0, 0]},
			"faces": {
				"north": {"uv": [0.5, 10.4, 1, 10.65], "texture": "#1"},
				"east": {"uv": [0.3, 10.5, 0.8, 10.75], "texture": "#1"},
				"south": {"uv": [0.5, 10, 1, 10.25], "texture": "#1"},
				"west": {"uv": [0.3, 10.5, 0.8, 10.75], "texture": "#1"},
				"up": {"uv": [0.5, 10.25, 1, 10.75], "texture": "#1"},
				"down": {"uv": [0, 10, 1, 11], "texture": "#1"}
			}
		},
		{
			"from": [3.05, 9.375, 7.575],
			"to": [3.225, 9.525, 8.425],
			"rotation": {"angle": 0, "axis": "y", "origin": [-1.75, 0, 0]},
			"faces": {
				"north": {"uv": [0.5, 10.4, 1, 10.65], "texture": "#1"},
				"east": {"uv": [0.3, 10.5, 0.8, 10.75], "texture": "#1"},
				"south": {"uv": [0.5, 10, 1, 10.25], "texture": "#1"},
				"west": {"uv": [0.3, 10.5, 0.8, 10.75], "texture": "#1"},
				"up": {"uv": [0.5, 10.25, 1, 10.75], "texture": "#1"},
				"down": {"uv": [0, 10, 1, 11], "texture": "#1"}
			}
		},
		{
			"from": [0.6, 9.375, 7.575],
			"to": [0.775, 9.525, 8.425],
			"rotation": {"angle": 0, "axis": "y", "origin": [-1.75, 0, 0]},
			"faces": {
				"north": {"uv": [15.5, 11.4, 16, 11.65], "texture": "#texture"},
				"east": {"uv": [15.3, 11.5, 15.8, 11.75], "texture": "#texture"},
				"south": {"uv": [15.5, 11, 16, 11.25], "texture": "#texture"},
				"west": {"uv": [15.3, 11.5, 15.8, 11.75], "texture": "#texture"},
				"up": {"uv": [15.5, 11.25, 16, 11.75], "texture": "#texture"},
				"down": {"uv": [15, 11, 16, 12], "texture": "#texture"}
			}
		},
		{
			"from": [0.95, 9.375, 7.575],
			"to": [1.125, 9.525, 8.425],
			"rotation": {"angle": 0, "axis": "y", "origin": [-1.75, 0, 0]},
			"faces": {
				"north": {"uv": [15.5, 11.4, 16, 11.65], "texture": "#texture"},
				"east": {"uv": [15.3, 11.5, 15.8, 11.75], "texture": "#texture"},
				"south": {"uv": [15.5, 11, 16, 11.25], "texture": "#texture"},
				"west": {"uv": [15.3, 11.5, 15.8, 11.75], "texture": "#texture"},
				"up": {"uv": [15.5, 11.25, 16, 11.75], "texture": "#texture"},
				"down": {"uv": [15, 11, 16, 12], "texture": "#texture"}
			}
		},
		{
			"from": [1.3, 9.375, 7.575],
			"to": [1.475, 9.525, 8.425],
			"rotation": {"angle": 0, "axis": "y", "origin": [-1.75, 0, 0]},
			"faces": {
				"north": {"uv": [15.5, 11.4, 16, 11.65], "texture": "#texture"},
				"east": {"uv": [15.3, 11.5, 15.8, 11.75], "texture": "#texture"},
				"south": {"uv": [15.5, 11, 16, 11.25], "texture": "#texture"},
				"west": {"uv": [15.3, 11.5, 15.8, 11.75], "texture": "#texture"},
				"up": {"uv": [15.5, 11.25, 16, 11.75], "texture": "#texture"},
				"down": {"uv": [15, 11, 16, 12], "texture": "#texture"}
			}
		},
		{
			"from": [1.65, 9.375, 7.575],
			"to": [1.825, 9.525, 8.425],
			"rotation": {"angle": 0, "axis": "y", "origin": [-1.75, 0, 0]},
			"faces": {
				"north": {"uv": [0.5, 10.4, 1, 10.65], "texture": "#1"},
				"east": {"uv": [0.3, 10.5, 0.8, 10.75], "texture": "#1"},
				"south": {"uv": [0.5, 10, 1, 10.25], "texture": "#1"},
				"west": {"uv": [0.3, 10.5, 0.8, 10.75], "texture": "#1"},
				"up": {"uv": [0.5, 10.25, 1, 10.75], "texture": "#1"},
				"down": {"uv": [0, 10, 1, 11], "texture": "#1"}
			}
		},
		{
			"from": [2, 9.375, 7.575],
			"to": [2.175, 9.525, 8.425],
			"rotation": {"angle": 0, "axis": "y", "origin": [-1.75, 0, 0]},
			"faces": {
				"north": {"uv": [0.5, 10.4, 1, 10.65], "texture": "#1"},
				"east": {"uv": [0.3, 10.5, 0.8, 10.75], "texture": "#1"},
				"south": {"uv": [0.5, 10, 1, 10.25], "texture": "#1"},
				"west": {"uv": [0.3, 10.5, 0.8, 10.75], "texture": "#1"},
				"up": {"uv": [0.5, 10.25, 1, 10.75], "texture": "#1"},
				"down": {"uv": [0, 10, 1, 11], "texture": "#1"}
			}
		},
		{
			"from": [2.35, 9.375, 7.575],
			"to": [2.525, 9.525, 8.425],
			"rotation": {"angle": 0, "axis": "y", "origin": [-1.75, 0, 0]},
			"faces": {
				"north": {"uv": [0.5, 10.4, 1, 10.65], "texture": "#1"},
				"east": {"uv": [0.3, 10.5, 0.8, 10.75], "texture": "#1"},
				"south": {"uv": [0.5, 10, 1, 10.25], "texture": "#1"},
				"west": {"uv": [0.3, 10.5, 0.8, 10.75], "texture": "#1"},
				"up": {"uv": [0.5, 10.25, 1, 10.75], "texture": "#1"},
				"down": {"uv": [0, 10, 1, 11], "texture": "#1"}
			}
		},
		{
			"from": [2.7, 9.375, 7.575],
			"to": [2.875, 9.525, 8.425],
			"rotation": {"angle": 0, "axis": "y", "origin": [-1.75, 0, 0]},
			"faces": {
				"north": {"uv": [0.5, 10.4, 1, 10.65], "texture": "#1"},
				"east": {"uv": [0.3, 10.5, 0.8, 10.75], "texture": "#1"},
				"south": {"uv": [0.5, 10, 1, 10.25], "texture": "#1"},
				"west": {"uv": [0.3, 10.5, 0.8, 10.75], "texture": "#1"},
				"up": {"uv": [0.5, 10.25, 1, 10.75], "texture": "#1"},
				"down": {"uv": [0, 10, 1, 11], "texture": "#1"}
			}
		},
		{
			"from": [4.45, 5.75, 7],
			"to": [4.625, 6.375, 9.025],
			"rotation": {"angle": 0, "axis": "x", "origin": [-1.75, 0, 0]},
			"faces": {
				"north": {"uv": [8, 2, 9, 3], "rotation": 180, "texture": "#texture"},
				"east": {"uv": [8.3, 2.5, 8.8, 2.75], "rotation": 270, "texture": "#texture"},
				"south": {"uv": [8.5, 2.25, 9, 2.75], "texture": "#texture"},
				"west": {"uv": [8.3, 2.5, 8.8, 2.75], "rotation": 90, "texture": "#texture"},
				"up": {"uv": [8.5, 2.4, 9, 2.65], "rotation": 180, "texture": "#texture"},
				"down": {"uv": [8.5, 2, 9, 2.25], "texture": "#texture"}
			}
		},
		{
			"from": [3.75, 5.75, 7],
			"to": [3.925, 6.375, 9.025],
			"rotation": {"angle": 0, "axis": "x", "origin": [-1.75, 0, 0]},
			"faces": {
				"north": {"uv": [8, 2, 9, 3], "rotation": 180, "texture": "#texture"},
				"east": {"uv": [8.3, 2.5, 8.8, 2.75], "rotation": 270, "texture": "#texture"},
				"south": {"uv": [8.5, 2.25, 9, 2.75], "texture": "#texture"},
				"west": {"uv": [8.3, 2.5, 8.8, 2.75], "rotation": 90, "texture": "#texture"},
				"up": {"uv": [8.5, 2.4, 9, 2.65], "rotation": 180, "texture": "#texture"},
				"down": {"uv": [8.5, 2, 9, 2.25], "texture": "#texture"}
			}
		},
		{
			"from": [4.1, 5.75, 7],
			"to": [4.275, 6.375, 9.025],
			"rotation": {"angle": 0, "axis": "x", "origin": [-1.75, 0, 0]},
			"faces": {
				"north": {"uv": [8, 2, 9, 3], "rotation": 180, "texture": "#texture"},
				"east": {"uv": [8.3, 2.5, 8.8, 2.75], "rotation": 270, "texture": "#texture"},
				"south": {"uv": [8.5, 2.25, 9, 2.75], "texture": "#texture"},
				"west": {"uv": [8.3, 2.5, 8.8, 2.75], "rotation": 90, "texture": "#texture"},
				"up": {"uv": [8.5, 2.4, 9, 2.65], "rotation": 180, "texture": "#texture"},
				"down": {"uv": [8.5, 2, 9, 2.25], "texture": "#texture"}
			}
		},
		{
			"from": [3.4, 5.75, 7],
			"to": [3.575, 6.375, 9.025],
			"rotation": {"angle": 0, "axis": "x", "origin": [-1.75, 0, 0]},
			"faces": {
				"north": {"uv": [8, 2, 9, 3], "rotation": 180, "texture": "#texture"},
				"east": {"uv": [8.3, 2.5, 8.8, 2.75], "rotation": 270, "texture": "#texture"},
				"south": {"uv": [8.5, 2.25, 9, 2.75], "texture": "#texture"},
				"west": {"uv": [8.3, 2.5, 8.8, 2.75], "rotation": 90, "texture": "#texture"},
				"up": {"uv": [8.5, 2.4, 9, 2.65], "rotation": 180, "texture": "#texture"},
				"down": {"uv": [8.5, 2, 9, 2.25], "texture": "#texture"}
			}
		},
		{
			"from": [3.05, 5.75, 7],
			"to": [3.225, 6.375, 9.025],
			"rotation": {"angle": 0, "axis": "x", "origin": [-1.75, 0, 0]},
			"faces": {
				"north": {"uv": [8, 2, 9, 3], "rotation": 180, "texture": "#texture"},
				"east": {"uv": [8.3, 2.5, 8.8, 2.75], "rotation": 270, "texture": "#texture"},
				"south": {"uv": [8.5, 2.25, 9, 2.75], "texture": "#texture"},
				"west": {"uv": [8.3, 2.5, 8.8, 2.75], "rotation": 90, "texture": "#texture"},
				"up": {"uv": [8.5, 2.4, 9, 2.65], "rotation": 180, "texture": "#texture"},
				"down": {"uv": [8.5, 2, 9, 2.25], "texture": "#texture"}
			}
		},
		{
			"from": [1.65, 5.75, 7],
			"to": [1.825, 6.375, 9.025],
			"rotation": {"angle": 0, "axis": "x", "origin": [-1.75, 0, 0]},
			"faces": {
				"north": {"uv": [8, 2, 9, 3], "rotation": 180, "texture": "#texture"},
				"east": {"uv": [8.3, 2.5, 8.8, 2.75], "rotation": 270, "texture": "#texture"},
				"south": {"uv": [8.5, 2.25, 9, 2.75], "texture": "#texture"},
				"west": {"uv": [8.3, 2.5, 8.8, 2.75], "rotation": 90, "texture": "#texture"},
				"up": {"uv": [8.5, 2.4, 9, 2.65], "rotation": 180, "texture": "#texture"},
				"down": {"uv": [8.5, 2, 9, 2.25], "texture": "#texture"}
			}
		},
		{
			"from": [1.3, 5.675, 7.125],
			"to": [5, 6.425, 8.875],
			"rotation": {"angle": 0, "axis": "y", "origin": [-1.75, 0, 0]},
			"faces": {
				"north": {"uv": [8, 2, 9, 3], "rotation": 180, "texture": "#texture"},
				"east": {"uv": [8.3, 2.5, 8.8, 2.75], "rotation": 270, "texture": "#texture"},
				"south": {"uv": [8.5, 2.25, 9, 2.75], "texture": "#texture"},
				"west": {"uv": [8.3, 2.5, 8.8, 2.75], "rotation": 90, "texture": "#texture"},
				"up": {"uv": [8.5, 2.4, 9, 2.65], "rotation": 180, "texture": "#texture"},
				"down": {"uv": [8.5, 2, 9, 2.25], "texture": "#texture"}
			}
		},
		{
			"from": [2, 5.75, 7],
			"to": [2.175, 6.375, 9.025],
			"rotation": {"angle": 0, "axis": "x", "origin": [-1.75, 0, 0]},
			"faces": {
				"north": {"uv": [8, 2, 9, 3], "rotation": 180, "texture": "#texture"},
				"east": {"uv": [8.3, 2.5, 8.8, 2.75], "rotation": 270, "texture": "#texture"},
				"south": {"uv": [8.5, 2.25, 9, 2.75], "texture": "#texture"},
				"west": {"uv": [8.3, 2.5, 8.8, 2.75], "rotation": 90, "texture": "#texture"},
				"up": {"uv": [8.5, 2.4, 9, 2.65], "rotation": 180, "texture": "#texture"},
				"down": {"uv": [8.5, 2, 9, 2.25], "texture": "#texture"}
			}
		},
		{
			"from": [2.35, 5.75, 7],
			"to": [2.525, 6.375, 9.025],
			"rotation": {"angle": 0, "axis": "x", "origin": [-1.75, 0, 0]},
			"faces": {
				"north": {"uv": [8, 2, 9, 3], "rotation": 180, "texture": "#texture"},
				"east": {"uv": [8.3, 2.5, 8.8, 2.75], "rotation": 270, "texture": "#texture"},
				"south": {"uv": [8.5, 2.25, 9, 2.75], "texture": "#texture"},
				"west": {"uv": [8.3, 2.5, 8.8, 2.75], "rotation": 90, "texture": "#texture"},
				"up": {"uv": [8.5, 2.4, 9, 2.65], "rotation": 180, "texture": "#texture"},
				"down": {"uv": [8.5, 2, 9, 2.25], "texture": "#texture"}
			}
		},
		{
			"from": [2.7, 5.75, 7],
			"to": [2.875, 6.375, 9.025],
			"rotation": {"angle": 0, "axis": "x", "origin": [-1.75, 0, 0]},
			"faces": {
				"north": {"uv": [8, 2, 9, 3], "rotation": 180, "texture": "#texture"},
				"east": {"uv": [8.3, 2.5, 8.8, 2.75], "rotation": 270, "texture": "#texture"},
				"south": {"uv": [8.5, 2.25, 9, 2.75], "texture": "#texture"},
				"west": {"uv": [8.3, 2.5, 8.8, 2.75], "rotation": 90, "texture": "#texture"},
				"up": {"uv": [8.5, 2.4, 9, 2.65], "rotation": 180, "texture": "#texture"},
				"down": {"uv": [8.5, 2, 9, 2.25], "texture": "#texture"}
			}
		},
		{
			"from": [10.25, 8.125, 7.325],
			"to": [17.3, 9.125, 8.675],
			"rotation": {"angle": 0, "axis": "y", "origin": [-1.75, 0, 0]},
			"faces": {
				"north": {"uv": [15.8, 11.9, 15.5, 11.3], "texture": "#texture"},
				"east": {"uv": [15.45, 11.7, 15.75, 11.25], "texture": "#texture"},
				"south": {"uv": [16, 11.3, 15.4, 11.7], "texture": "#texture"},
				"west": {"uv": [15.45, 11.7, 15.75, 11.25], "texture": "#texture"},
				"up": {"uv": [16, 11.85, 15.3, 11.35], "rotation": 180, "texture": "#texture"},
				"down": {"uv": [16, 11.3, 16, 11.3], "texture": "#texture"}
			}
		},
		{
			"from": [17.3, 8.125, 7.325],
			"to": [17.55, 8.875, 8.675],
			"rotation": {"angle": 0, "axis": "y", "origin": [-1.75, 0, 0]},
			"faces": {
				"north": {"uv": [15.8, 11.9, 15.5, 11.3], "texture": "#texture"},
				"east": {"uv": [15.45, 11.7, 15.75, 11.25], "texture": "#texture"},
				"south": {"uv": [16, 11.3, 15.4, 11.7], "texture": "#texture"},
				"west": {"uv": [15.45, 11.7, 15.75, 11.25], "texture": "#texture"},
				"up": {"uv": [16, 11.85, 15.3, 11.35], "rotation": 180, "texture": "#texture"},
				"down": {"uv": [16, 11.3, 16, 11.3], "texture": "#texture"}
			}
		},
		{
			"from": [18.5, 7.375, 7.65],
			"to": [20.05, 7.625, 8.35],
			"rotation": {"angle": 0, "axis": "y", "origin": [-1.75, 0, 0]},
			"faces": {
				"north": {"uv": [15.8, 11.9, 15.5, 11.3], "texture": "#texture"},
				"east": {"uv": [15.45, 11.7, 15.75, 11.25], "texture": "#texture"},
				"south": {"uv": [16, 11.3, 15.4, 11.7], "texture": "#texture"},
				"west": {"uv": [15.45, 11.7, 15.75, 11.25], "texture": "#texture"},
				"up": {"uv": [16, 11.85, 15.3, 11.35], "rotation": 180, "texture": "#texture"},
				"down": {"uv": [16, 11.3, 16, 11.3], "texture": "#texture"}
			}
		},
		{
			"from": [18.5, 7.375, 7.575],
			"to": [19.35, 8, 8.425],
			"rotation": {"angle": 0, "axis": "y", "origin": [-1.75, 0, 0]},
			"faces": {
				"north": {"uv": [15.8, 11.9, 15.5, 11.3], "texture": "#texture"},
				"east": {"uv": [15.45, 11.7, 15.75, 11.25], "texture": "#texture"},
				"south": {"uv": [16, 11.3, 15.4, 11.7], "texture": "#texture"},
				"west": {"uv": [15.45, 11.7, 15.75, 11.25], "texture": "#texture"},
				"up": {"uv": [16, 11.85, 15.3, 11.35], "rotation": 180, "texture": "#texture"},
				"down": {"uv": [16, 11.3, 16, 11.3], "texture": "#texture"}
			}
		},
		{
			"from": [18, 7.625, 7.5],
			"to": [18.675, 8.3, 8.5],
			"rotation": {"angle": 0, "axis": "y", "origin": [-1.75, 0, 0]},
			"faces": {
				"north": {"uv": [15.8, 11.9, 15.5, 11.3], "texture": "#texture"},
				"east": {"uv": [15.45, 11.7, 15.75, 11.25], "texture": "#texture"},
				"south": {"uv": [16, 11.3, 15.4, 11.7], "texture": "#texture"},
				"west": {"uv": [15.45, 11.7, 15.75, 11.25], "texture": "#texture"},
				"up": {"uv": [16, 11.85, 15.3, 11.35], "rotation": 180, "texture": "#texture"},
				"down": {"uv": [16, 11.3, 16, 11.3], "texture": "#texture"}
			}
		},
		{
			"from": [17.5, 8.125, 7.425],
			"to": [18, 8.425, 8.575],
			"rotation": {"angle": 0, "axis": "y", "origin": [-1.75, 0, 0]},
			"faces": {
				"north": {"uv": [15.8, 11.9, 15.5, 11.3], "texture": "#texture"},
				"east": {"uv": [15.45, 11.7, 15.75, 11.25], "texture": "#texture"},
				"south": {"uv": [16, 11.3, 15.4, 11.7], "texture": "#texture"},
				"west": {"uv": [15.45, 11.7, 15.75, 11.25], "texture": "#texture"},
				"up": {"uv": [16, 11.85, 15.3, 11.35], "rotation": 180, "texture": "#texture"},
				"down": {"uv": [16, 11.3, 16, 11.3], "texture": "#texture"}
			}
		},
		{
			"from": [18.475, 7.25, 7.25],
			"to": [19.15, 7.775, 8.75],
			"rotation": {"angle": 0, "axis": "y", "origin": [-1.75, 0, 0]},
			"faces": {
				"north": {"uv": [1, 6, 1.5, 6.25], "texture": "#1"},
				"east": {"uv": [7.75, 6, 8.25, 6.25], "texture": "#1"},
				"south": {"uv": [14.5, 6, 15, 6.25], "texture": "#1"},
				"west": {"uv": [7.75, 6, 8.25, 6.25], "texture": "#1"},
				"up": {"uv": [14.5, 7.75, 15, 8.25], "texture": "#1"},
				"down": {"uv": [5, 7, 6, 8], "texture": "#1"}
			}
		},
		{
			"from": [11.925, 5.75, 7.5],
			"to": [13.75, 6, 8.5],
			"rotation": {"angle": 0, "axis": "y", "origin": [-1.75, -0.25, 0]},
			"faces": {
				"north": {"uv": [1.75, 10, 3.5, 10.25], "texture": "#1"},
				"east": {"uv": [7.5, 10, 8.5, 10.25], "texture": "#1"},
				"south": {"uv": [13.5, 10, 15.25, 10.25], "texture": "#1"},
				"west": {"uv": [7.5, 10, 8.5, 10.25], "texture": "#1"},
				"up": {"uv": [13.5, 7.5, 15.25, 8.5], "texture": "#1"},
				"down": {"uv": [2.5, 8.5, 0.75, 7.5], "texture": "#1"}
			}
		},
		{
			"from": [15.225, -3.975, 7.5],
			"to": [19.8, -3.475, 8.5],
			"rotation": {"angle": 22.5, "axis": "z", "origin": [-2.75, -0.25, 0]},
			"faces": {
				"north": {"uv": [1.75, 10, 3.5, 10.25], "texture": "#1"},
				"east": {"uv": [7.5, 10, 8.5, 10.25], "texture": "#1"},
				"south": {"uv": [12.5, 10, 14.25, 10.25], "texture": "#1"},
				"west": {"uv": [7.5, 10, 8.5, 10.25], "texture": "#1"},
				"up": {"uv": [13.5, 7.5, 15.25, 8.5], "texture": "#1"},
				"down": {"uv": [2.5, 8.5, 0.75, 7.5], "texture": "#1"}
			}
		},
		{
			"from": [15.05, -3.35, 7.5],
			"to": [16.575, -0.6, 8.5],
			"rotation": {"angle": 22.5, "axis": "z", "origin": [-1.75, -0.25, 0]},
			"faces": {
				"north": {"uv": [1.75, 10, 3.5, 10.25], "texture": "#1"},
				"east": {"uv": [7.5, 10, 8.5, 10.25], "texture": "#1"},
				"south": {"uv": [12.5, 10, 14.25, 10.25], "texture": "#1"},
				"west": {"uv": [7.5, 10, 8.5, 10.25], "texture": "#1"},
				"up": {"uv": [13.5, 7.5, 15.25, 8.5], "texture": "#1"},
				"down": {"uv": [2.5, 8.5, 0.75, 7.5], "texture": "#1"}
			}
		},
		{
			"from": [14.9, -3.425, 7.65],
			"to": [15.575, -0.6, 8.35],
			"rotation": {"angle": 22.5, "axis": "z", "origin": [-1.75, -0.25, 0]},
			"faces": {
				"north": {"uv": [1.75, 10, 3.5, 10.25], "texture": "#texture"},
				"east": {"uv": [7.5, 10, 8.5, 10.25], "texture": "#texture"},
				"south": {"uv": [12.5, 10, 14.25, 10.25], "texture": "#texture"},
				"west": {"uv": [7.5, 10, 8.5, 10.25], "texture": "#texture"},
				"up": {"uv": [13.5, 7.5, 15.25, 8.5], "texture": "#texture"},
				"down": {"uv": [2.5, 8.5, 0.75, 7.5], "texture": "#texture"}
			}
		},
		{
			"from": [18.7, -3.475, 7.5],
			"to": [19.8, -1.425, 8.5],
			"rotation": {"angle": 22.5, "axis": "z", "origin": [-2.75, -0.25, 0]},
			"faces": {
				"north": {"uv": [1.75, 10, 3.5, 10.25], "texture": "#1"},
				"east": {"uv": [7.5, 10, 8.5, 10.25], "texture": "#1"},
				"south": {"uv": [12.5, 10, 14.25, 10.25], "texture": "#1"},
				"west": {"uv": [7.5, 10, 8.5, 10.25], "texture": "#1"},
				"up": {"uv": [13.5, 7.5, 15.25, 8.5], "texture": "#1"},
				"down": {"uv": [2.5, 8.5, 0.75, 7.5], "texture": "#1"}
			}
		},
		{
			"from": [13.75, 5.75, 7.5],
			"to": [15.45, 7, 8.5],
			"rotation": {"angle": 0, "axis": "z", "origin": [-1.75, -0.25, 0]},
			"faces": {
				"north": {"uv": [1.75, 10, 3.5, 10.25], "texture": "#1"},
				"east": {"uv": [7.5, 10, 8.5, 10.25], "texture": "#1"},
				"south": {"uv": [12.5, 10, 14.25, 10.25], "texture": "#1"},
				"west": {"uv": [7.5, 10, 8.5, 10.25], "texture": "#1"},
				"up": {"uv": [13.5, 7.5, 15.25, 8.5], "texture": "#1"},
				"down": {"uv": [2.5, 8.5, 0.75, 7.5], "texture": "#1"}
			}
		},
		{
			"from": [14.875, 3.2, 7.5],
			"to": [15.3, 3.475, 8.5],
			"rotation": {"angle": 0, "axis": "y", "origin": [-1.75, -0.25, 0]},
			"faces": {
				"north": {"uv": [1.75, 10, 3.5, 10.25], "texture": "#1"},
				"east": {"uv": [7.5, 10, 8.5, 10.25], "texture": "#1"},
				"south": {"uv": [12.5, 10, 14.25, 10.25], "texture": "#1"},
				"west": {"uv": [7.5, 10, 8.5, 10.25], "texture": "#1"},
				"up": {"uv": [13.5, 7.5, 15.25, 8.5], "texture": "#1"},
				"down": {"uv": [2.5, 8.5, 0.75, 7.5], "texture": "#1"}
			}
		},
		{
			"from": [14.575, 6.75, 7.5],
			"to": [18.575, 7, 8.5],
			"rotation": {"angle": 0, "axis": "y", "origin": [-2.75, -0.25, 0]},
			"faces": {
				"north": {"uv": [1.75, 10, 3.5, 10.25], "texture": "#1"},
				"east": {"uv": [7.5, 10, 8.5, 10.25], "texture": "#1"},
				"south": {"uv": [12.5, 10, 14.25, 10.25], "texture": "#1"},
				"west": {"uv": [7.5, 10, 8.5, 10.25], "texture": "#1"},
				"up": {"uv": [13.5, 7.5, 15.25, 8.5], "texture": "#1"},
				"down": {"uv": [2.5, 8.5, 0.75, 7.5], "texture": "#1"}
			}
		},
		{
			"from": [20.25, 4.85, 7.5],
			"to": [21, 5.1, 8.5],
			"rotation": {"angle": 0, "axis": "y", "origin": [-2.75, -0.25, 0]},
			"faces": {
				"north": {"uv": [15.8, 11.9, 15.8, 11.9], "texture": "#texture"},
				"east": {"uv": [15.2, 11.7, 16, 11.3], "texture": "#texture"},
				"south": {"uv": [15.4, 11.7, 15.25, 11.55], "texture": "#texture"},
				"west": {"uv": [15.2, 11.7, 16, 11.3], "texture": "#texture"},
				"up": {"uv": [16, 11.3, 15.15, 11.9], "rotation": 180, "texture": "#texture"},
				"down": {"uv": [15.4, 11.8, 16, 11.8], "texture": "#texture"}
			}
		},
		{
			"from": [19.325, 4.85, 7.5],
			"to": [20.25, 5.1, 8.5],
			"rotation": {"angle": 0, "axis": "y", "origin": [-2.75, -0.25, 0]},
			"faces": {
				"north": {"uv": [1.75, 10, 3.5, 10.25], "texture": "#1"},
				"east": {"uv": [7.5, 10, 8.5, 10.25], "texture": "#1"},
				"south": {"uv": [12.5, 10, 14.25, 10.25], "texture": "#1"},
				"west": {"uv": [7.5, 10, 8.5, 10.25], "texture": "#1"},
				"up": {"uv": [13.5, 7.5, 15.25, 8.5], "texture": "#1"},
				"down": {"uv": [2.5, 8.5, 0.75, 7.5], "texture": "#1"}
			}
		},
		{
			"from": [21, 5.1, 7.5],
			"to": [22, 6.35, 8.5],
			"rotation": {"angle": 0, "axis": "y", "origin": [-2.75, -0.25, 0]},
			"faces": {
				"north": {"uv": [15.8, 11.9, 15.8, 11.9], "texture": "#texture"},
				"east": {"uv": [15.2, 11.7, 16, 11.3], "texture": "#texture"},
				"south": {"uv": [15.4, 11.7, 15.25, 11.55], "texture": "#texture"},
				"west": {"uv": [15.2, 11.7, 16, 11.3], "texture": "#texture"},
				"up": {"uv": [16, 11.3, 15.15, 11.9], "rotation": 180, "texture": "#texture"},
				"down": {"uv": [15.4, 11.8, 16, 11.8], "texture": "#texture"}
			}
		},
		{
			"from": [20.5, 5.1, 7.475],
			"to": [21.5, 5.85, 8.525],
			"rotation": {"angle": 0, "axis": "y", "origin": [-2.75, -0.25, 0]},
			"faces": {
				"north": {"uv": [15.8, 11.9, 15.8, 11.9], "texture": "#texture"},
				"east": {"uv": [15.2, 11.7, 16, 11.3], "texture": "#texture"},
				"south": {"uv": [15.4, 11.7, 15.25, 11.55], "texture": "#texture"},
				"west": {"uv": [15.2, 11.7, 16, 11.3], "texture": "#texture"},
				"up": {"uv": [16, 11.3, 15.15, 11.9], "rotation": 180, "texture": "#texture"},
				"down": {"uv": [15.4, 11.8, 16, 11.8], "texture": "#texture"}
			}
		},
		{
			"from": [18.825, 5.1, 7.5],
			"to": [21, 6.35, 8.5],
			"rotation": {"angle": 0, "axis": "y", "origin": [-2.75, -0.25, 0]},
			"faces": {
				"north": {"uv": [1.75, 10, 3.5, 10.25], "texture": "#1"},
				"east": {"uv": [7.5, 10, 8.5, 10.25], "texture": "#1"},
				"south": {"uv": [12.5, 10, 14.25, 10.25], "texture": "#1"},
				"west": {"uv": [7.5, 10, 8.5, 10.25], "texture": "#1"},
				"up": {"uv": [13.5, 7.5, 15.25, 8.5], "texture": "#1"},
				"down": {"uv": [2.5, 8.5, 0.75, 7.5], "texture": "#1"}
			}
		},
		{
			"from": [18.55, 6.35, 7.5],
			"to": [22.25, 7.45, 8.5],
			"rotation": {"angle": 0, "axis": "y", "origin": [-2.75, -0.25, 0]},
			"faces": {
				"north": {"uv": [1.75, 10, 3.5, 10.25], "texture": "#1"},
				"east": {"uv": [7.5, 10, 8.5, 10.25], "texture": "#1"},
				"south": {"uv": [12.5, 10, 14.25, 10.25], "texture": "#1"},
				"west": {"uv": [7.5, 10, 8.5, 10.25], "texture": "#1"},
				"up": {"uv": [13.5, 7.5, 15.25, 8.5], "texture": "#1"},
				"down": {"uv": [2.5, 8.5, 0.75, 7.5], "texture": "#1"}
			}
		},
		{
			"from": [13.8, 6.425, 7.75],
			"to": [14.1, 7.675, 8.25],
			"rotation": {"angle": -22.5, "axis": "z", "origin": [12.65, 7.25, 7.75]},
			"faces": {
				"north": {"uv": [0.75, 2, 1.25, 3.25], "texture": "#2"},
				"east": {"uv": [7.75, 2, 8.25, 3.25], "texture": "#2"},
				"south": {"uv": [14.75, 2, 15.25, 3.25], "texture": "#2"},
				"west": {"uv": [7.75, 2, 8.25, 3.25], "texture": "#2"},
				"down": {"uv": [1.25, 8.25, 0.75, 7.75], "texture": "#2"}
			}
		},
		{
			"from": [13.25, 5.575, 7.75],
			"to": [13.55, 6.825, 8.25],
			"rotation": {"angle": 22.5, "axis": "z", "origin": [12.65, 7.25, 7.75]},
			"faces": {
				"north": {"uv": [0.75, 2, 1.25, 3.25], "texture": "#2"},
				"east": {"uv": [7.75, 2, 8.25, 3.25], "texture": "#2"},
				"south": {"uv": [14.75, 2, 15.25, 3.25], "texture": "#2"},
				"west": {"uv": [7.75, 2, 8.25, 3.25], "texture": "#2"},
				"down": {"uv": [1.25, 8.25, 0.75, 7.75], "texture": "#2"}
			}
		},
		{
			"from": [13.55, 5.825, 7.75],
			"to": [13.85, 7.075, 8.25],
			"rotation": {"angle": 0, "axis": "z", "origin": [12.65, 7.25, 7.75]},
			"faces": {
				"north": {"uv": [0.75, 2, 1.25, 3.25], "texture": "#2"},
				"east": {"uv": [7.75, 2, 8.25, 3.25], "texture": "#2"},
				"south": {"uv": [14.75, 2, 15.25, 3.25], "texture": "#2"},
				"west": {"uv": [7.75, 2, 8.25, 3.25], "texture": "#2"},
				"down": {"uv": [1.25, 8.25, 0.75, 7.75], "texture": "#2"}
			}
		}
	],
	"gui_light": "front",
	"display": {
		"thirdperson_righthand": {
			"rotation": [0, -90, 0],
			"translation": [0, 1, -4],
			"scale": [0.96, 0.98, 0.96]
		},
		"thirdperson_lefthand": {
			"rotation": [0, 90, 0],
			"translation": [0, 1, -4],
			"scale": [0.96, 0.98, 0.96]
		},
		"firstperson_righthand": {
			"rotation": [0, -90, 0],
			"translation": [0, 3, -6],
			"scale": [1.18, 1.22, 1.18]
		},
		"firstperson_lefthand": {
			"rotation": [0, 90, 0],
			"translation": [0, 3, -6],
			"scale": [1.18, 1.22, 1.18]
		},
		"ground": {
			"translation": [0.5, 1.5, 0],
			"scale": [1.03, 1.04, 1.03]
		},
		"gui": {
			"rotation": [0, 0, -45],
			"translation": [0.5, 0.5, 0],
			"scale": [0.71, 0.69, 0.94]
		},
		"fixed": {
			"rotation": [0, 180, -45],
			"translation": [-0.75, 0.75, -1.25],
			"scale": [1.14, 1.16, 1.14]
		}
	}
}