{
	"credit": "Made by SrDarmith - YouTube: Mainclay",
	"textures": {
		"particle": "block/color/anvil 1",
		"texture": "block/color/anvil 1"
	},
	"elements": [
		{
			"from": [-2, 9, 7.25],
			"to": [18, 10, 8.75],
			"faces": {
				"north": {"uv": [0, 6, 16, 7], "texture": "#texture"},
				"east": {"uv": [7.25, 6, 8.75, 7], "texture": "#texture"},
				"south": {"uv": [0, 6, 16, 7], "texture": "#texture"},
				"west": {"uv": [7.25, 6, 8.75, 7], "texture": "#texture"},
				"up": {"uv": [0, 7.25, 16, 8.75], "texture": "#texture"},
				"down": {"uv": [16, 8.75, 0, 7.25], "texture": "#texture"}
			}
		},
		{
			"from": [-2, 8.75, 7.5],
			"to": [18, 10.25, 8.5],
			"faces": {
				"north": {"uv": [0, 5.75, 16, 7.25], "texture": "#texture"},
				"east": {"uv": [7.5, 5.75, 8.5, 7.25], "texture": "#texture"},
				"south": {"uv": [0, 5.75, 16, 7.25], "texture": "#texture"},
				"west": {"uv": [7.5, 5.75, 8.5, 7.25], "texture": "#texture"},
				"up": {"uv": [0, 7.5, 16, 8.5], "texture": "#texture"},
				"down": {"uv": [16, 8.5, 0, 7.5], "texture": "#texture"}
			}
		},
		{
			"from": [-2.25, 9, 7.5],
			"to": [18.25, 10, 8.5],
			"faces": {
				"north": {"uv": [0, 6, 16, 7], "texture": "#texture"},
				"east": {"uv": [7.5, 6, 8.5, 7], "texture": "#texture"},
				"south": {"uv": [0, 6, 16, 7], "texture": "#texture"},
				"west": {"uv": [7.5, 6, 8.5, 7], "texture": "#texture"},
				"up": {"uv": [0, 7.5, 16, 8.5], "texture": "#texture"},
				"down": {"uv": [16, 8.5, 0, 7.5], "texture": "#texture"}
			}
		},
		{
			"from": [12.25, 4, 7.5],
			"to": [13.75, 9, 8.5],
			"faces": {
				"north": {"uv": [2.25, 7, 3.75, 12], "texture": "#texture"},
				"east": {"uv": [7.5, 7, 8.5, 12], "texture": "#texture"},
				"south": {"uv": [12.25, 7, 13.75, 12], "texture": "#texture"},
				"west": {"uv": [7.5, 7, 8.5, 12], "texture": "#texture"},
				"down": {"uv": [3.75, 8.5, 2.25, 7.5], "texture": "#texture"}
			}
		},
		{
			"from": [12.5, 4, 7.25],
			"to": [13.5, 9, 8.75],
			"faces": {
				"north": {"uv": [2.5, 7, 3.5, 12], "texture": "#texture"},
				"east": {"uv": [7.25, 7, 8.75, 12], "texture": "#texture"},
				"south": {"uv": [12.5, 7, 13.5, 12], "texture": "#texture"},
				"west": {"uv": [7.25, 7, 8.75, 12], "texture": "#texture"},
				"down": {"uv": [3.5, 8.75, 2.5, 7.25], "texture": "#texture"}
			}
		},
		{
			"from": [12.5, 3.75, 7.5],
			"to": [13.5, 4, 8.5],
			"faces": {
				"north": {"uv": [2.5, 12, 3.5, 12.25], "texture": "#texture"},
				"east": {"uv": [7.5, 12, 8.5, 12.25], "texture": "#texture"},
				"south": {"uv": [12.5, 12, 13.5, 12.25], "texture": "#texture"},
				"west": {"uv": [7.5, 12, 8.5, 12.25], "texture": "#texture"},
				"down": {"uv": [3.5, 8.5, 2.5, 7.5], "texture": "#texture"}
			}
		}
	],
	"gui_light": "front",
	"display": {
		"thirdperson_righthand": {
			"rotation": [0, -90, -90],
			"translation": [0, 5.75, 0],
			"scale": [0.97, 1, 1]
		},
		"thirdperson_lefthand": {
			"rotation": [0, 90, 90],
			"translation": [0, 5.75, 0],
			"scale": [0.97, 1, 1]
		},
		"firstperson_righthand": {
			"rotation": [0, -90, -100],
			"translation": [3, 4.75, -2.5],
			"scale": [0.98, 1, 1]
		},
		"firstperson_lefthand": {
			"rotation": [0, 90, 100],
			"translation": [3, 4.75, -2.5],
			"scale": [0.98, 1, 1]
		},
		"ground": {
			"translation": [0, 0.25, 0],
			"scale": [0.98, 1, 1]
		},
		"gui": {
			"rotation": [0, 0, -135],
			"translation": [-0.75, 1, 0],
			"scale": [0.94, 0.99, 0.9]
		},
		"fixed": {
			"rotation": [0, 180, -45],
			"translation": [1.35, -1.35, -1.1],
			"scale": [1.25, 1.32, 1.32]
		}
	}
}