{
	"credit": "Made with Blockbench",
	"texture_size": [64, 64],
	"textures": {
		"1": "item/custom"
	},
	"elements": [
		{
			"from": [9, 2, -3],
			"to": [10, 14, 14],
			"faces": {
				"north": {"uv": [3, 6, 0, 5.75], "rotation": 90, "texture": "#1"},
				"east": {"uv": [0, 1.75, 3, 6], "rotation": 270, "texture": "#1"},
				"south": {"uv": [3, 1.75, 0, 2], "rotation": 90, "texture": "#1"},
				"west": {"uv": [3, 1.75, 0, 6], "rotation": 90, "texture": "#1"}
			}
		},
		{
			"from": [9, 2, 19],
			"to": [10, 14, 21],
			"faces": {
				"north": {"uv": [3, 0.25, 0, 0.5], "rotation": 90, "texture": "#1"},
				"east": {"uv": [0, 0, 3, 0.5], "rotation": 270, "texture": "#1"},
				"south": {"uv": [0, 6, 3, 6.25], "rotation": 90, "texture": "#1"},
				"west": {"uv": [3, 0, 0, 0.5], "rotation": 90, "texture": "#1"}
			}
		},
		{
			"from": [9, 12, 14],
			"to": [10, 14, 19],
			"faces": {
				"east": {"uv": [3, 1.75, 2.5, 0.5], "rotation": 90, "texture": "#1"},
				"west": {"uv": [3, 0.5, 2.5, 1.75], "rotation": 90, "texture": "#1"},
				"down": {"uv": [2.75, 0.5, 2.5, 1.75], "texture": "#1"}
			}
		},
		{
			"from": [9, 2, 14],
			"to": [10, 4, 19],
			"faces": {
				"east": {"uv": [0.5, 1.75, 0, 0.5], "rotation": 90, "texture": "#1"},
				"west": {"uv": [0.5, 0.5, 0, 1.75], "rotation": 90, "texture": "#1"},
				"up": {"uv": [0.5, 1.75, 0.25, 0.5], "texture": "#1"}
			}
		},
		{
			"from": [6, 13, -3],
			"to": [10, 14, 21],
			"rotation": {"angle": 0, "axis": "z", "origin": [10, 14, 0]},
			"faces": {
				"north": {"uv": [3, 5.75, 4, 6], "texture": "#1"},
				"south": {"uv": [0, 6, 0.25, 7], "rotation": 90, "texture": "#1"},
				"west": {"uv": [3.75, 0, 4, 6], "rotation": 90, "texture": "#1"},
				"up": {"uv": [4, 6, 3, 0], "texture": "#1"},
				"down": {"uv": [4, 0, 3, 6], "texture": "#1"}
			}
		},
		{
			"from": [6, 2, -3],
			"to": [10, 3, 21],
			"rotation": {"angle": 0, "axis": "z", "origin": [10, 2, 0]},
			"faces": {
				"north": {"uv": [5, 5.75, 4, 6], "texture": "#1"},
				"south": {"uv": [2.75, 6, 3, 7], "rotation": 90, "texture": "#1"},
				"west": {"uv": [4, 0, 4.25, 6], "rotation": 90, "texture": "#1"},
				"up": {"uv": [4, 6, 5, 0], "texture": "#1"},
				"down": {"uv": [4, 0, 5, 6], "texture": "#1"}
			}
		},
		{
			"from": [6, 9, 5],
			"to": [8, 13, 7],
			"rotation": {"angle": 0, "axis": "y", "origin": [7, 8, 6]},
			"faces": {
				"north": {"uv": [3.5, 6.5, 4, 7.5], "texture": "#1"},
				"east": {"uv": [4, 6.5, 4.5, 7.5], "texture": "#1"},
				"south": {"uv": [4.5, 6.5, 5, 7.5], "texture": "#1"},
				"west": {"uv": [3, 6.5, 3.5, 7.5], "texture": "#1"}
			}
		},
		{
			"from": [6, 3, 20],
			"to": [9, 13, 21],
			"faces": {
				"north": {"uv": [2.75, 6.25, 0.25, 7], "rotation": 270, "texture": "#1"},
				"south": {"uv": [0.25, 6.25, 2.75, 7], "rotation": 90, "texture": "#1"},
				"west": {"uv": [2.75, 6.75, 0.25, 7], "rotation": 270, "texture": "#1"}
			}
		},
		{
			"from": [6, 3, 5],
			"to": [8, 7, 7],
			"rotation": {"angle": 0, "axis": "y", "origin": [7, 8, 6]},
			"faces": {
				"north": {"uv": [3.5, 6.5, 4, 7.5], "texture": "#1"},
				"east": {"uv": [4, 6.5, 4.5, 7.5], "texture": "#1"},
				"south": {"uv": [4.5, 6.5, 5, 7.5], "texture": "#1"},
				"west": {"uv": [3, 6.5, 3.5, 7.5], "texture": "#1"}
			}
		},
		{
			"from": [6, 7, 5],
			"to": [8, 9, 7],
			"rotation": {"angle": 0, "axis": "y", "origin": [7, 8, 6]},
			"faces": {
				"north": {"uv": [3.5, 6.75, 4, 7.25], "texture": "#1"},
				"east": {"uv": [4, 6.75, 4.5, 7.25], "texture": "#1"},
				"south": {"uv": [4.5, 6.75, 5, 7.25], "texture": "#1"},
				"west": {"uv": [3, 6.75, 3.5, 7.25], "texture": "#1"}
			}
		},
		{
			"from": [9, 4, 14],
			"to": [9, 12, 19],
			"faces": {
				"north": {"uv": [0, 0, 0, 2], "texture": "#missing"},
				"east": {"uv": [10.5, 14, 11.75, 16], "texture": "#1"},
				"south": {"uv": [0, 0, 0, 2], "texture": "#missing"},
				"west": {"uv": [11.75, 14, 10.5, 16], "texture": "#1"},
				"up": {"uv": [0, 0, 0, 1.25], "texture": "#missing"},
				"down": {"uv": [0, 0, 0, 1.25], "texture": "#missing"}
			}
		}
	],
	"overrides": [
		{"predicate": {"blocking": 1}, "model": "item/shield_blocking"}
	],
	"display": {
		"thirdperson_righthand": {
			"rotation": [-22.04, -0.17, -5.25],
			"translation": [1, -4.15, 4.7],
			"scale": [1.15, 1.15, 1.15]
		},
		"thirdperson_lefthand": {
			"rotation": [-22.04, -0.17, 175],
			"translation": [1, -4.15, 4.7],
			"scale": [1.15, 1.15, 1.15]
		},
		"firstperson_righthand": {
			"rotation": [-90, 0, 20],
			"translation": [0, 0.25, 3.5],
			"scale": [1.05, 1.05, 1.05]
		},
		"firstperson_lefthand": {
			"rotation": [-90, 0, -160],
			"translation": [0, 0.25, 3.5],
			"scale": [1.05, 1.05, 1.05]
		},
		"ground": {
			"translation": [0, 2, 0],
			"scale": [0.5, 0.5, 0.5]
		},
		"gui": {
			"rotation": [-65, 0, -35],
			"translation": [0, -0.5, 0],
			"scale": [0.575, 0.575, 0.575]
		},
		"head": {
			"rotation": [-90, 0, 90],
			"translation": [0, -11.5, -5],
			"scale": [1.15, 1.15, 1.15]
		},
		"fixed": {
			"scale": [0.5, 0.5, 0.5]
		}
	}
}