{
	"credit": "Made with Blockbench",
	"texture_size": [64, 64],
	"textures": {
		"1": "./nvg1",
		"2": "./nvg2",
		"3": "./nvg3",
		"4": "./mask",
		"5": "./helmet",
		"particle": "./helm1"
	},
	"elements": [
		{
			"from": [0.5, 1.2, -1.1],
			"to": [15.5, 3.4, 0.3],
			"faces": {
				"north": {"uv": [7, 7.75, 10.75, 8.25], "texture": "#5"},
				"east": {"uv": [9, 10.25, 9.375, 10.75], "texture": "#5"},
				"south": {"uv": [0, 8.25, 3.75, 8.75], "texture": "#5"},
				"west": {"uv": [9.5, 10.25, 9.875, 10.75], "texture": "#5"},
				"up": {"uv": [7.25, 9.125, 3.5, 8.75], "texture": "#5"},
				"down": {"uv": [11, 8.75, 7.25, 9.125], "texture": "#5"}
			}
		},
		{
			"from": [1, 7, 1],
			"to": [15, 8.5, 14],
			"faces": {
				"north": {"uv": [9, 9.25, 12.5, 9.625], "texture": "#5"},
				"east": {"uv": [5.5, 9.75, 8.75, 10.125], "texture": "#5"},
				"south": {"uv": [2, 9.75, 5.5, 10.125], "texture": "#5"},
				"west": {"uv": [8.75, 9.75, 12, 10.125], "texture": "#5"},
				"up": {"uv": [3.5, 3.25, 0, 0], "texture": "#5"},
				"down": {"uv": [3.5, 3.25, 0, 6.5], "texture": "#5"}
			}
		},
		{
			"from": [1, 2.7, -2.4],
			"to": [15, 8.2, -0.9],
			"rotation": {"angle": 22.5, "axis": "x", "origin": [0, 0, 0]},
			"faces": {
				"north": {"uv": [3.5, 0, 7, 1.375], "texture": "#5"},
				"east": {"uv": [4, 10.25, 4.375, 11.625], "texture": "#5"},
				"south": {"uv": [3.5, 1.5, 7, 2.875], "texture": "#5"},
				"west": {"uv": [4.5, 10.25, 4.875, 11.625], "texture": "#5"},
				"up": {"uv": [5.5, 9.625, 2, 9.25], "texture": "#5"},
				"down": {"uv": [9, 9.25, 5.5, 9.625], "texture": "#5"}
			}
		},
		{
			"from": [1, -3.5, 14],
			"to": [15, 2, 16.2],
			"rotation": {"angle": -22.5, "axis": "x", "origin": [0, 0, 0]},
			"faces": {
				"north": {"uv": [3.5, 3, 7, 4.375], "texture": "#5"},
				"east": {"uv": [3, 10.25, 3.5, 11.625], "texture": "#5"},
				"south": {"uv": [3.5, 4.5, 7, 5.875], "texture": "#5"},
				"west": {"uv": [3.5, 10.25, 4, 11.625], "texture": "#5"},
				"up": {"uv": [10.75, 8.75, 7.25, 8.25], "texture": "#5"},
				"down": {"uv": [3.5, 8.75, 0, 9.25], "texture": "#5"}
			}
		},
		{
			"from": [-1.9, 4.4, 0.9],
			"to": [-0.9, 8.2, 14.2],
			"rotation": {"angle": -22.5, "axis": "z", "origin": [0, 0, 0]},
			"faces": {
				"north": {"uv": [8, 10.25, 8.25, 11.25], "texture": "#5"},
				"east": {"uv": [0, 6.5, 3.375, 7.5], "texture": "#5"},
				"south": {"uv": [8.25, 10.25, 8.5, 11.25], "texture": "#5"},
				"west": {"uv": [7, 3.75, 10.375, 4.75], "texture": "#5"},
				"up": {"uv": [2.25, 13.625, 2, 10.25], "texture": "#5"},
				"down": {"uv": [2.5, 10.25, 2.25, 13.625], "texture": "#5"}
			}
		},
		{
			"from": [15.8, -1.8, 0.9],
			"to": [16.8, 2, 14.2],
			"rotation": {"angle": 22.5, "axis": "z", "origin": [0, 0, 0]},
			"faces": {
				"north": {"uv": [8.5, 10.25, 8.75, 11.25], "texture": "#5"},
				"east": {"uv": [7, 4.75, 10.375, 5.75], "texture": "#5"},
				"south": {"uv": [8.75, 10.25, 9, 11.25], "texture": "#5"},
				"west": {"uv": [3.5, 7.25, 6.875, 8.25], "texture": "#5"},
				"up": {"uv": [2.75, 13.625, 2.5, 10.25], "texture": "#5"},
				"down": {"uv": [3, 10.25, 2.75, 13.625], "texture": "#5"}
			}
		},
		{
			"from": [0, -0.2, 0],
			"to": [1.5, 4.8, 15.2],
			"faces": {
				"north": {"uv": [5, 10.25, 5.375, 11.5], "texture": "#5"},
				"east": {"uv": [3.5, 6, 7.25, 7.25], "texture": "#5"},
				"south": {"uv": [5.5, 10.25, 5.875, 11.5], "texture": "#5"},
				"west": {"uv": [7, 0, 10.75, 1.25], "texture": "#5"},
				"up": {"uv": [0.375, 13, 0, 9.25], "texture": "#5"},
				"down": {"uv": [0.875, 9.25, 0.5, 13], "texture": "#5"}
			}
		},
		{
			"from": [14.5, -0.2, 0],
			"to": [16, 4.8, 15],
			"faces": {
				"north": {"uv": [6, 10.25, 6.375, 11.5], "texture": "#5"},
				"east": {"uv": [7, 1.25, 10.75, 2.5], "texture": "#5"},
				"south": {"uv": [6.5, 10.25, 6.875, 11.5], "texture": "#5"},
				"west": {"uv": [7, 2.5, 10.75, 3.75], "texture": "#5"},
				"up": {"uv": [1.375, 13, 1, 9.25], "texture": "#5"},
				"down": {"uv": [1.875, 9.25, 1.5, 13], "texture": "#5"}
			}
		},
		{
			"from": [1, -0.2, 14.3],
			"to": [15, 3.4, 16.2],
			"faces": {
				"north": {"uv": [7.25, 5.75, 10.75, 6.625], "texture": "#5"},
				"east": {"uv": [7, 10.25, 7.5, 11.125], "texture": "#5"},
				"south": {"uv": [7.25, 6.75, 10.75, 7.625], "texture": "#5"},
				"west": {"uv": [7.5, 10.25, 8, 11.125], "texture": "#5"},
				"up": {"uv": [3.5, 8, 0, 7.5], "texture": "#5"},
				"down": {"uv": [7.25, 8.25, 3.75, 8.75], "texture": "#5"}
			}
		},
		{
			"from": [7, 2.8, -2.6],
			"to": [9, 5.8, -0.6],
			"rotation": {"angle": 22.5, "axis": "x", "origin": [0, 0, 0]},
			"faces": {
				"north": {"uv": [5, 2, 7, 5], "texture": "#1"},
				"east": {"uv": [5, 2, 7, 5], "texture": "#1"},
				"south": {"uv": [5, 2, 7, 5], "texture": "#1"},
				"west": {"uv": [5, 2, 7, 5], "texture": "#1"},
				"up": {"uv": [4, 3, 6, 5], "texture": "#1"},
				"down": {"uv": [6, 3, 8, 5], "texture": "#1"}
			}
		},
		{
			"from": [5.9, 2.8, -2.5],
			"to": [10.1, 4.8, -0.6],
			"rotation": {"angle": 22.5, "axis": "x", "origin": [0, 0, 0]},
			"faces": {
				"north": {"uv": [4, 3, 7.1, 5], "texture": "#1"},
				"east": {"uv": [6, 3, 7.9, 5], "texture": "#1"},
				"south": {"uv": [4, 3, 8.2, 5], "texture": "#1"},
				"west": {"uv": [4, 3, 5.9, 5], "texture": "#1"},
				"up": {"uv": [4, 3, 8.2, 4.9], "texture": "#1"},
				"down": {"uv": [4, 3, 8.2, 4.9], "texture": "#1"}
			}
		},
		{
			"from": [6.7, 2.8, -3.2],
			"to": [9.4, 5.7, -2],
			"rotation": {"angle": 22.5, "axis": "x", "origin": [0, 0, 0]},
			"faces": {
				"north": {"uv": [1, 1, 2.7, 2.9], "texture": "#1"},
				"east": {"uv": [1, 0, 2.2, 2.9], "texture": "#1"},
				"south": {"uv": [1, 0, 2.7, 1.9], "texture": "#1"},
				"west": {"uv": [1, 0, 2.2, 2.9], "texture": "#1"},
				"up": {"uv": [0, 0, 2.7, 1.2], "texture": "#1"},
				"down": {"uv": [2, 2, 4.7, 3.2], "texture": "#1"}
			}
		},
		{
			"from": [6.8, 2.5, -3.3],
			"to": [9.3, 3.9, -1],
			"faces": {
				"north": {"uv": [3, 0, 6, 1], "texture": "#1"},
				"east": {"uv": [3, 2, 5, 3], "texture": "#1"},
				"south": {"uv": [3, 1, 6, 2], "texture": "#1"},
				"west": {"uv": [3, 3, 5, 4], "texture": "#1"},
				"up": {"uv": [3, 2, 0, 0], "texture": "#1"},
				"down": {"uv": [3, 2, 0, 4], "texture": "#1"}
			}
		},
		{
			"from": [7.9, 1.2, -4.4],
			"to": [8.2, 1.6, -3.5],
			"rotation": {"angle": 0, "axis": "y", "origin": [0, 0, 1.4]},
			"faces": {
				"north": {"uv": [0, 0, 0.3, 0.4], "texture": "#1"},
				"east": {"uv": [0, 0, 0.9, 0.4], "texture": "#1"},
				"south": {"uv": [0, 0, 0.3, 0.4], "texture": "#1"},
				"west": {"uv": [0, 0, 0.9, 0.4], "texture": "#1"},
				"up": {"uv": [0, 0, 0.3, 0.9], "texture": "#1"},
				"down": {"uv": [0, 0, 0.3, 0.9], "texture": "#1"}
			}
		},
		{
			"from": [8.4, 0.4, -8.6],
			"to": [12.5, 1.3, -7.5],
			"rotation": {"angle": -22.5, "axis": "y", "origin": [0, 0.4, 1.4]},
			"faces": {
				"north": {"uv": [0, 0, 4.1, 0.9], "texture": "#1"},
				"east": {"uv": [0, 0, 1.1, 0.9], "texture": "#1"},
				"south": {"uv": [0, 0, 4.1, 0.9], "texture": "#1"},
				"west": {"uv": [0, 0, 1.1, 0.9], "texture": "#1"},
				"up": {"uv": [0, 0, 4.1, 1.1], "texture": "#1"},
				"down": {"uv": [0, 0, 4.1, 1.1], "texture": "#1"}
			}
		},
		{
			"from": [6.5, 1.9, -4.6],
			"to": [6.8, 2.3, -2.6],
			"rotation": {"angle": 0, "axis": "y", "origin": [0, 0, 1.4]},
			"faces": {
				"north": {"uv": [0, 0, 0.3, 0.4], "texture": "#1"},
				"east": {"uv": [0, 0, 2, 0.4], "texture": "#1"},
				"south": {"uv": [0, 0, 0.3, 0.4], "texture": "#1"},
				"west": {"uv": [0, 0, 2, 0.4], "texture": "#1"},
				"up": {"uv": [0, 0, 0.3, 2], "texture": "#1"},
				"down": {"uv": [0, 0, 0.3, 2], "texture": "#1"}
			}
		},
		{
			"from": [2.4, 0.4, -2.4],
			"to": [6.5, 1.3, -1.3],
			"rotation": {"angle": 22.5, "axis": "y", "origin": [0, 0.4, 1.4]},
			"faces": {
				"north": {"uv": [0, 0, 4.1, 0.9], "texture": "#1"},
				"east": {"uv": [0, 0, 1.1, 0.9], "texture": "#1"},
				"south": {"uv": [0, 0, 4.1, 0.9], "texture": "#1"},
				"west": {"uv": [0, 0, 1.1, 0.9], "texture": "#1"},
				"up": {"uv": [0, 0, 4.1, 1.1], "texture": "#1"},
				"down": {"uv": [0, 0, 4.1, 1.1], "texture": "#1"}
			}
		},
		{
			"from": [6.8, 1.5, -4.6],
			"to": [9.3, 2.3, -2.6],
			"rotation": {"angle": 0, "axis": "y", "origin": [0, 0, 1.4]},
			"faces": {
				"north": {"uv": [0, 0, 2.5, 0.8], "texture": "#1"},
				"east": {"uv": [0, 0, 2, 0.8], "texture": "#1"},
				"south": {"uv": [0, 0, 2.5, 0.8], "texture": "#1"},
				"west": {"uv": [0, 0, 2, 0.8], "texture": "#1"},
				"up": {"uv": [0, 0, 2.5, 2], "texture": "#1"},
				"down": {"uv": [0, 0, 2.5, 2], "texture": "#1"}
			}
		},
		{
			"from": [4.5, 0.4, -4.6],
			"to": [11.6, 1.3, -3.5],
			"rotation": {"angle": 0, "axis": "y", "origin": [0, 0.4, 1.4]},
			"faces": {
				"north": {"uv": [0, 0, 7.1, 0.9], "texture": "#1"},
				"east": {"uv": [0, 0, 1.1, 0.9], "texture": "#1"},
				"south": {"uv": [0, 0, 7.1, 0.9], "texture": "#1"},
				"west": {"uv": [0, 0, 1.1, 0.9], "texture": "#1"},
				"up": {"uv": [0, 0, 7.1, 1.1], "texture": "#1"},
				"down": {"uv": [0, 0, 7.1, 1.1], "texture": "#1"}
			}
		},
		{
			"from": [6.5, 2.3, -4.6],
			"to": [9.6, 2.5, -2.6],
			"rotation": {"angle": 0, "axis": "y", "origin": [0, 0, 1.4]},
			"faces": {
				"north": {"uv": [0, 0, 3.1, 0.2], "texture": "#1"},
				"east": {"uv": [0, 0, 2, 0.2], "texture": "#1"},
				"south": {"uv": [0, 0, 3.1, 0.2], "texture": "#1"},
				"west": {"uv": [0, 0, 2, 0.2], "texture": "#1"},
				"up": {"uv": [0, 0, 3.1, 2], "texture": "#1"},
				"down": {"uv": [0, 0, 3.1, 2], "texture": "#1"}
			}
		},
		{
			"from": [9.3, 1.9, -4.6],
			"to": [9.6, 2.3, -2.6],
			"rotation": {"angle": 0, "axis": "y", "origin": [0, 0, 1.4]},
			"faces": {
				"north": {"uv": [0, 0, 0.3, 0.4], "texture": "#1"},
				"east": {"uv": [0, 0, 2, 0.4], "texture": "#1"},
				"south": {"uv": [0, 0, 0.3, 0.4], "texture": "#1"},
				"west": {"uv": [0, 0, 2, 0.4], "texture": "#1"},
				"up": {"uv": [0, 0, 0.3, 2], "texture": "#1"},
				"down": {"uv": [0, 0, 0.3, 2], "texture": "#1"}
			}
		},
		{
			"from": [7.2, 0.2, -5.7],
			"to": [9, 1.5, -4.7],
			"rotation": {"angle": 22.5, "axis": "x", "origin": [0, 0, 1.4]},
			"faces": {
				"north": {"uv": [0, 0, 1.8, 1.3], "rotation": 180, "texture": "#1"},
				"east": {"uv": [0, 0, 1.3, 1], "rotation": 90, "texture": "#1"},
				"south": {"uv": [0, 0, 1.8, 1.3], "texture": "#1"},
				"west": {"uv": [0, 0, 1.3, 1], "rotation": 270, "texture": "#1"},
				"up": {"uv": [0, 0, 1.8, 1], "texture": "#1"},
				"down": {"uv": [0, 0, 1.8, 1], "rotation": 180, "texture": "#1"}
			}
		},
		{
			"from": [7.1, 2.5, -4.6],
			"to": [9.1, 4.1, -2.6],
			"rotation": {"angle": 0, "axis": "y", "origin": [0, 0, 1.4]},
			"faces": {
				"north": {"uv": [0, 0, 2, 1.6], "texture": "#1"},
				"east": {"uv": [0, 0, 2, 1.6], "texture": "#1"},
				"south": {"uv": [0, 0, 2, 1.6], "texture": "#1"},
				"west": {"uv": [0, 0, 2, 1.6], "texture": "#1"},
				"up": {"uv": [0, 0, 2, 2], "texture": "#1"},
				"down": {"uv": [0, 0, 2, 2], "texture": "#1"}
			}
		},
		{
			"from": [9, -2.1, -7.2],
			"to": [11.2, 0.1, -4.2],
			"rotation": {"angle": 0, "axis": "y", "origin": [4.4, 0.2, -4.6]},
			"faces": {
				"north": {"uv": [0, 10, 2, 12], "texture": "#2"},
				"east": {"uv": [0, 4, 3, 6], "texture": "#2"},
				"south": {"uv": [9, 9, 11, 11], "texture": "#2"},
				"west": {"uv": [5, 0, 8, 2], "texture": "#2"},
				"up": {"uv": [7, 5, 5, 2], "texture": "#2"},
				"down": {"uv": [7, 5, 5, 8], "texture": "#2"}
			}
		},
		{
			"from": [3.3, -2.3, -2.8],
			"to": [7.9, 0.2, 0.2],
			"rotation": {"angle": 22.5, "axis": "y", "origin": [0.5, 0.2, 0]},
			"faces": {
				"north": {"uv": [5, 0, 10, 3], "texture": "#3"},
				"east": {"uv": [2, 8, 3, 11], "texture": "#3"},
				"south": {"uv": [5, 3, 10, 6], "texture": "#3"},
				"west": {"uv": [3, 8, 4, 11], "texture": "#3"},
				"up": {"uv": [5, 8, 0, 7], "texture": "#3"},
				"down": {"uv": [10, 7, 5, 8], "texture": "#3"}
			}
		},
		{
			"from": [4.6, -2.1, -7.3],
			"to": [6.8, 0.1, -4.3],
			"rotation": {"angle": 0, "axis": "z", "origin": [0.5, 0.2, 0]},
			"faces": {
				"north": {"uv": [7, 9, 9, 11], "texture": "#2"},
				"east": {"uv": [7, 7, 10, 9], "texture": "#2"},
				"south": {"uv": [10, 6, 12, 8], "texture": "#2"},
				"west": {"uv": [0, 8, 3, 10], "texture": "#2"},
				"up": {"uv": [7, 11, 5, 8], "texture": "#2"},
				"down": {"uv": [5, 9, 3, 12], "texture": "#2"}
			}
		},
		{
			"from": [3.4, -2.1, -5.4],
			"to": [5.6, 0.1, -2.8],
			"rotation": {"angle": 22.5, "axis": "y", "origin": [0.5, 0.2, 0]},
			"faces": {
				"north": {"uv": [10, 2, 12, 4], "texture": "#2"},
				"east": {"uv": [0, 0, 3, 2], "texture": "#2"},
				"south": {"uv": [5, 0, 7, 2], "texture": "#2"},
				"west": {"uv": [0, 2, 3, 4], "texture": "#2"},
				"up": {"uv": [5, 3, 3, 0], "texture": "#2"},
				"down": {"uv": [5, 3, 3, 6], "texture": "#2"}
			}
		},
		{
			"from": [8.8, 0.2, -8.6],
			"to": [9.2, 0.6, -7.5],
			"rotation": {"angle": -22.5, "axis": "y", "origin": [0, 0.4, 0]},
			"faces": {
				"north": {"uv": [0, 0, 0.4, 0.4], "texture": "#1"},
				"east": {"uv": [0, 0, 1.1, 0.4], "texture": "#1"},
				"south": {"uv": [0, 0, 0.4, 0.4], "texture": "#1"},
				"west": {"uv": [0, 0, 1.1, 0.4], "texture": "#1"},
				"up": {"uv": [0, 0, 0.4, 1.1], "texture": "#1"},
				"down": {"uv": [0, 0, 0.4, 1.1], "texture": "#1"}
			}
		},
		{
			"from": [5.7, 0.2, -2.4],
			"to": [6.1, 0.6, -1.3],
			"rotation": {"angle": 22.5, "axis": "y", "origin": [0, 0.4, 0]},
			"faces": {
				"north": {"uv": [0, 0, 0.4, 0.4], "texture": "#1"},
				"east": {"uv": [0, 0, 1.1, 0.4], "texture": "#1"},
				"south": {"uv": [0, 0, 0.4, 0.4], "texture": "#1"},
				"west": {"uv": [0, 0, 1.1, 0.4], "texture": "#1"},
				"up": {"uv": [0, 0, 0.4, 1.1], "texture": "#1"},
				"down": {"uv": [0, 0, 0.4, 1.1], "texture": "#1"}
			}
		},
		{
			"from": [8.8, -2.3, -7.4],
			"to": [13.4, 0.2, -4.4],
			"rotation": {"angle": -22.5, "axis": "y", "origin": [4.4, 0.2, -4.6]},
			"faces": {
				"north": {"uv": [0, 0, 5, 3], "texture": "#3"},
				"east": {"uv": [0, 8, 1, 11], "texture": "#3"},
				"south": {"uv": [0, 3, 5, 6], "texture": "#3"},
				"west": {"uv": [1, 8, 2, 11], "texture": "#3"},
				"up": {"uv": [5, 7, 0, 6], "texture": "#3"},
				"down": {"uv": [10, 6, 5, 7], "texture": "#3"}
			}
		},
		{
			"from": [11.1, -2.1, -10],
			"to": [13.3, 0.1, -7.4],
			"rotation": {"angle": -22.5, "axis": "y", "origin": [4.4, 0.2, -4.6]},
			"faces": {
				"north": {"uv": [8, 0, 10, 2], "texture": "#2"},
				"east": {"uv": [0, 6, 3, 8], "texture": "#2"},
				"south": {"uv": [10, 0, 12, 2], "texture": "#2"},
				"west": {"uv": [7, 2, 10, 4], "texture": "#2"},
				"up": {"uv": [5, 9, 3, 6], "texture": "#2"},
				"down": {"uv": [9, 4, 7, 7], "texture": "#2"}
			}
		},
		{
			"from": [1.5, -5.6, 0.9],
			"to": [1.5, 2, 14.3],
			"faces": {
				"north": {"uv": [0, 0, 0, 7.6], "texture": "#4"},
				"east": {"uv": [0, 0, 13.4, 7.6], "texture": "#4"},
				"south": {"uv": [0, 0, 0, 7.6], "texture": "#4"},
				"west": {"uv": [0, 0, 13.4, 7.6], "texture": "#4"},
				"up": {"uv": [0, 0, 0, 13.4], "texture": "#4"},
				"down": {"uv": [0, 0, 0, 13.4], "texture": "#4"}
			}
		},
		{
			"from": [1.5, -5.6, 14.3],
			"to": [14.5, -0.2, 14.3],
			"faces": {
				"north": {"uv": [0, 0, 12.9, 5.4], "texture": "#4"},
				"east": {"uv": [0, 0, 0, 5.4], "texture": "#4"},
				"south": {"uv": [0, 0, 12.9, 5.4], "texture": "#4"},
				"west": {"uv": [0, 0, 0, 5.4], "texture": "#4"},
				"up": {"uv": [0, 0, 0, 12.9], "rotation": 270, "texture": "#4"},
				"down": {"uv": [0, 0, 0, 12.9], "rotation": 90, "texture": "#4"}
			}
		},
		{
			"from": [1.5, -5.7, 0.9],
			"to": [14.5, -5.6, 14.3],
			"faces": {
				"north": {"uv": [0, 0, 0.1, 12.9], "rotation": 270, "texture": "#4"},
				"east": {"uv": [0, 0, 0.1, 13.4], "rotation": 270, "texture": "#4"},
				"south": {"uv": [0, 0, 0.1, 12.9], "rotation": 270, "texture": "#4"},
				"west": {"uv": [0, 0, 0.1, 13.4], "rotation": 90, "texture": "#4"},
				"up": {"uv": [0, 0, 12.9, 13.4], "rotation": 180, "texture": "#4"},
				"down": {"uv": [0, 0, 12.9, 13.4], "texture": "#4"}
			}
		},
		{
			"from": [1.5, -0.1, 0.9],
			"to": [14.5, 3.1, 0.9],
			"faces": {
				"north": {"uv": [0, 0, 12.9, 3.2], "texture": "#4"},
				"east": {"uv": [0, 0, 0, 3.2], "texture": "#4"},
				"south": {"uv": [0, 0, 12.9, 3.2], "texture": "#4"},
				"west": {"uv": [0, 0, 0, 3.2], "texture": "#4"},
				"up": {"uv": [0, 0, 0, 12.9], "rotation": 270, "texture": "#4"},
				"down": {"uv": [0, 0, 0, 12.9], "rotation": 90, "texture": "#4"}
			}
		},
		{
			"from": [1.5, -5.6, 0.9],
			"to": [14.5, -2.1, 0.9],
			"faces": {
				"north": {"uv": [0, 0, 12.9, 3.5], "texture": "#4"},
				"east": {"uv": [0, 0, 0, 3.5], "texture": "#4"},
				"south": {"uv": [0, 0, 12.9, 3.5], "texture": "#4"},
				"west": {"uv": [0, 0, 0, 3.5], "texture": "#4"},
				"up": {"uv": [0, 0, 0, 12.9], "rotation": 270, "texture": "#4"},
				"down": {"uv": [0, 0, 0, 12.9], "rotation": 90, "texture": "#4"}
			}
		},
		{
			"from": [14.5, -5.6, 0.9],
			"to": [14.5, 2, 14.3],
			"faces": {
				"north": {"uv": [0, 0, 0, 8], "texture": "#4"},
				"east": {"uv": [0, 0, 13, 8], "texture": "#4"},
				"south": {"uv": [0, 0, 0, 8], "texture": "#4"},
				"west": {"uv": [0, 8, 13, 16], "texture": "#4"},
				"up": {"uv": [0, 13, 0, 0], "texture": "#4"},
				"down": {"uv": [0, 0, 0, 13], "texture": "#4"}
			}
		}
	],
	"display": {
		"thirdperson_righthand": {
			"translation": [0, 0.5, 0],
			"scale": [0.4, 0.4, 0.4]
		},
		"thirdperson_lefthand": {
			"translation": [0, 0.5, 0],
			"scale": [0.4, 0.4, 0.4]
		},
		"firstperson_righthand": {
			"scale": [0.4, 0.4, 0.4]
		},
		"firstperson_lefthand": {
			"scale": [0.4, 0.4, 0.4]
		},
		"ground": {
			"scale": [0.4, 0.4, 0.4]
		},
		"gui": {
			"rotation": [20, -160, 0],
			"translation": [0.25, 3.75, 0],
			"scale": [0.9, 0.9, 0.9]
		},
		"head": {
			"translation": [0, 7.25, 0.25]
		},
		"fixed": {
			"translation": [0, 3, 3]
		}
	},
	"groups": [
		{
			"name": "Helmet",
			"origin": [8, 8, 8],
			"color": 0,
			"children": [0, 1, 2, 3, 4, 5, 6, 7, 8]
		},
		{
			"name": "NVG",
			"origin": [0, 0, 0],
			"color": 0,
			"children": [
				9,
				10,
				11,
				12,
				{
					"name": "kreplenie",
					"origin": [0, 0, 0.4],
					"color": 0,
					"children": [
						13,
						14,
						15,
						16,
						17,
						18,
						19,
						20,
						21,
						22,
						{
							"name": "NVM",
							"origin": [0, 0, 0.4],
							"color": 0,
							"children": [23, 24, 25, 26, 27, 28, 29, 30]
						}
					]
				}
			]
		},
		{
			"name": "mask",
			"origin": [8, 8, 8],
			"color": 0,
			"children": [31, 32, 33, 34, 35, 36]
		}
	]
}