{
	"__comment": "Model generated using MrCrayfish's Model Creator (http://mrcrayfish.com/modelcreator/)",
	"textures": {
		"0": "ammo/300_top",
		"1": "colors/gray - dirty",
		"2": "ammo/50cal_top"
	},
	"elements": [ 	 
		{
			"__comment": "Element",
			"from": [ 2, 0, 5 ],
			"to": [ 14, 6, 11 ],
			"faces": {
				"down": { "uv": [ 1, 12, 13, 15 ], "texture": "#0" },
				"up": { "uv": [ 1, 13, 13, 15 ], "texture": "#0" },
				"north": { "uv": [ 1, 12, 10, 15 ], "texture": "#0" },
				"south": { "uv": [ 1, 12, 12, 15 ], "texture": "#0" },
				"west": { "uv": [ 1, 12, 10, 15 ], "texture": "#0" },
				"east": { "uv": [ 2, 12, 8, 15 ], "texture": "#0" }
			}
		},
		{
			"__comment": "Element",
			"from": [ 1.8, 6, 4.8 ],
			"to": [ 14.2, 7.5, 11.2 ],
			"faces": {
				"down": { "uv": [ 1, 12, 14.4, 13.4 ], "texture": "#0" },
				"up": { "uv": [ 1, 12, 14.4, 14.4 ], "texture": "#0" },
				"north": { "uv": [ 3, 13, 15.4, 14.5 ], "texture": "#0" },
				"south": { "uv": [ 2, 12, 14.4, 13.5 ], "texture": "#0" },
				"west": { "uv": [ 5, 12, 11.4, 13.5 ], "texture": "#0" },
				"east": { "uv": [ 4, 12, 10.4, 13.5 ], "texture": "#0" }
			}
		},
		{
			"__comment": "Element",
			"from": [ 1.8, 4, 5.8 ],
			"to": [ 14.2, 6, 6.199999 ],
			"faces": {
				"down": { "uv": [ 0, 0, 12.4, 0.3999996 ], "texture": "#1" },
				"up": { "uv": [ 0, 0, 12.4, 0.3999996 ], "texture": "#1" },
				"north": { "uv": [ 0, 0, 12.4, 2 ], "texture": "#1" },
				"south": { "uv": [ 0, 0, 12.4, 2 ], "texture": "#1" },
				"west": { "uv": [ 0, 0, 0.4, 2 ], "texture": "#1" },
				"east": { "uv": [ 0, 0, 0.4, 2 ], "texture": "#1" }
			}
		},
		{
			"__comment": "Element",
			"from": [ 1.8, 4, 9.8 ],
			"to": [ 14.2, 6, 10.2 ],
			"faces": {
				"down": { "uv": [ 0, 0, 12.4, 0.3999996 ], "texture": "#1" },
				"up": { "uv": [ 0, 0, 12.4, 0.3999996 ], "texture": "#1" },
				"north": { "uv": [ 0, 0, 12.4, 2 ], "texture": "#1" },
				"south": { "uv": [ 0, 0, 12.4, 2 ], "texture": "#1" },
				"west": { "uv": [ 0, 0, 0.4, 2 ], "texture": "#1" },
				"east": { "uv": [ 0, 0, 0.4, 2 ], "texture": "#1" }
			}
		},
		{
			"__comment": "Element",
			"from": [ 1.75, 3.5, 5.75 ],
			"to": [ 14.25, 4.5, 10.25 ],
			"faces": {
				"down": { "uv": [ 0, 0, 12.5, 4.5 ], "texture": "#1" },
				"up": { "uv": [ 0, 0, 12.5, 4.5 ], "texture": "#1" },
				"north": { "uv": [ 0, 0, 12.5, 1 ], "texture": "#1" },
				"south": { "uv": [ 0, 0, 12.5, 1 ], "texture": "#1" },
				"west": { "uv": [ 0, 0, 4.5, 1 ], "texture": "#1" },
				"east": { "uv": [ 0, 0, 4.5, 1 ], "texture": "#1" }
			}
		},
		{
			"__comment": "Element",
			"from": [ 4, 1.5, 4.95 ],
			"to": [ 12, 5.5, 11.05 ],
			"faces": {
				"north": { "uv": [ 0, 2, 16, 11 ], "texture": "#2" },
				"south": { "uv": [ 0, 2, 16, 11 ], "texture": "#2" }
			}
		}
	],
	"display": {
		"thirdperson_righthand": {
			"rotation":  [ 90, 90, 0 ],
			"translation":  [ 0, 0, 1 ],
			"scale":  [ 0.45, 0.45, 0.45 ]
		},
		"thirdperson_lefthand": {
			"rotation":  [ 90, 90, 0 ],
			"translation":  [ 0, 0, 1 ],
			"scale":  [ 0.45, 0.45, 0.45 ]
		},
		"firstperson_righthand": {
			"rotation":  [ 0, -30, 0 ],
			"translation":  [ 0, 5, 0 ],
			"scale":  [ 0.5, 0.5, 0.5 ]
		},
		"firstperson_lefthand": {
			"rotation":  [ 0, -30, 0 ],
			"translation":  [ 0, 5, 0 ],
			"scale":  [ 0.5, 0.5, 0.5 ]
		},
		"gui": {
			"translation":  [ 0, 5, 0 ],
			"scale":  [ 1.25, 1.25, 1.25 ]
		},
		"ground": {
			"translation":  [ 0, 1.5, 0 ],
			"scale":  [ 0.35, 0.35, 0.35 ]
		},
		"fixed": {
			"translation":  [ 0, 6, 3 ],
			"scale":  [ 1.5, 1.5, 1.5 ]
		}
	}
}