{
	"__comment": "Model generated using MrCrayfish's Model Creator (http://mrcrayfish.com/modelcreator/)",
	"textures": {
		"0": "ammo/556_top"
	},
	"elements": [ 	 
		{
			"__comment": "Element",
			"from": [ 1, 0, 4 ],
			"to": [ 14, 3.5, 11 ],
			"faces": {
				"down": { "uv": [ 0, 0, 11, 3 ], "texture": "#0" },
				"up": { "uv": [ 0, 3.5, 16, 12 ], "texture": "#0" },
				"north": { "uv": [ 0, 0, 13, 3.5 ], "texture": "#0" },
				"south": { "uv": [ 0, 0, 13, 3.5 ], "texture": "#0" },
				"west": { "uv": [ 0, 0, 7, 3.5 ], "texture": "#0" },
				"east": { "uv": [ 0, 0, 7, 3.5 ], "texture": "#0" }
			}
		}
	],
	"display": {
		"thirdperson_righthand": {
			"rotation":  [ 0, 180, -90 ],
			"translation":  [ -2, 0, 0 ],
			"scale":  [ 0.3, 0.3, 0.3 ]
		},
		"thirdperson_lefthand": {
			"rotation":  [ 0, 180, -90 ],
			"translation":  [ -2, 0, 0 ],
			"scale":  [ 0.3, 0.3, 0.3 ]
		},
		"firstperson_righthand": {
			"rotation":  [ 35, 0, 35 ],
			"translation":  [ -2.5, 6, 0 ],
			"scale":  [ 0.75, 0.75, 0.75 ]
		},
		"firstperson_lefthand": {
			"rotation":  [ 35, 0, 35 ],
			"translation":  [ -2.5, 6, 0 ],
			"scale":  [ 0.75, 0.75, 0.75 ]
		},
		"gui": {
			"rotation":  [ 90, 0, 0 ],
			"translation":  [ 0.6, -0.5, 0 ],
			"scale":  [ 1.2, 1.2, 1.2 ]
		},
		"ground": {
			"translation":  [ 0, 1, 0 ],
			"scale":  [ 0.25, 0.25, 0.25 ]
		},
		"fixed": {
			"rotation":  [ 90, 0, -180 ],
			"translation":  [ -0.75, 0, -8 ],
			"scale":  [ 1.5, 1.5, 1.5 ]
		}
	}
}